Qty.,Model,Type Name,Tag,BuildingStory,Type,Stato
1,9nnn_J.002_028_PE_ST_M3_02_00,nan,819571,-,-,1
1,9nnn_J.002_028_PE_ST_M3_02_00,nan,819572,-,-,1
1,9nnn_J.002_028_PE_ST_M3_02_00,nan,819573,-,-,1
1,9nnn_J.002_028_PE_ST_M3_02_00,nan,819574,-,-,1
1,9nnn_J.002_028_PE_ST_M3_02_00,nan,819575,-,-,1
1,9nnn_J.002_028_PE_ST_M3_02_00,nan,819576,-,-,1
1,9nnn_J.002_028_PE_ST_M3_02_00,nan,819577,-,-,1
1,9nnn_J.002_028_PE_ST_M3_02_00,nan,819578,-,-,1
1,9nnn_J.002_028_PE_ST_M3_02_00,nan,819579,-,-,1
1,9nnn_J.002_028_PE_ST_M3_02_00,nan,819580,-,-,1
1,9nnn_J.002_028_PE_ST_M3_02_00,nan,819581,-,-,1
1,9nnn_J.002_028_PE_ST_M3_02_00,nan,819582,-,-,1
1,9nnn_J.002_028_PE_ST_M3_02_00,nan,819583,-,-,1
1,9nnn_J.002_028_PE_ST_M3_02_00,nan,819584,-,-,1
1,9nnn_J.002_028_PE_ST_M3_02_00,nan,819585,-,-,1
1,9nnn_J.002_028_PE_ST_M3_02_00,nan,819586,-,-,1
1,9nnn_J.002_028_PE_ST_M3_02_00,nan,819587,-,-,1
1,9nnn_J.002_028_PE_ST_M3_02_00,nan,819588,-,-,1
1,9nnn_J.002_028_PE_ST_M3_02_00,nan,819589,-,-,1
1,9nnn_J.002_028_PE_ST_M3_02_00,nan,819590,-,-,1
1,9nnn_J.002_028_PE_ST_M3_02_00,nan,819591,-,-,1
1,9nnn_J.002_028_PE_ST_M3_02_00,nan,819592,-,-,1
1,9nnn_J.002_028_PE_ST_M3_02_00,nan,819593,-,-,1
1,9nnn_J.002_028_PE_ST_M3_02_00,nan,819594,-,-,1
1,9nnn_J.002_028_PE_ST_M3_02_00,nan,819595,-,-,1
1,9nnn_J.002_028_PE_ST_M3_02_00,nan,819596,-,-,1
1,9nnn_J.002_028_PE_ST_M3_02_00,nan,819597,-,-,1
1,9nnn_J.002_028_PE_ST_M3_02_00,nan,819598,-,-,1
1,9nnn_J.002_028_PE_ST_M3_02_00,nan,819599,-,-,1
1,9nnn_J.002_028_PE_ST_M3_02_00,nan,819600,-,-,1
1,9nnn_J.002_028_PE_ST_M3_02_00,nan,819601,-,-,1
1,9nnn_J.002_028_PE_ST_M3_02_00,nan,819602,-,-,1
1,9nnn_J.002_028_PE_ST_M3_02_00,nan,819603,-,-,1
1,9nnn_J.002_028_PE_ST_M3_02_00,nan,819604,-,-,1
1,9nnn_J.002_028_PE_ST_M3_02_00,nan,819605,-,-,1
1,9nnn_J.002_028_PE_ST_M3_02_00,nan,819606,-,-,1
1,9nnn_J.002_028_PE_ST_M3_02_00,nan,819607,-,-,1
1,9nnn_J.002_028_PE_ST_M3_02_00,nan,819608,-,-,1
1,9nnn_J.002_028_PE_ST_M3_02_00,nan,819609,-,-,1
1,9nnn_J.002_028_PE_ST_M3_02_00,nan,819610,-,-,1
1,9nnn_J.002_028_PE_ST_M3_02_00,nan,819611,-,-,1
1,9nnn_J.002_028_PE_ST_M3_02_00,nan,819612,-,-,1
1,9nnn_J.002_028_PE_ST_M3_02_00,nan,819613,-,-,1
1,9nnn_J.002_028_PE_ST_M3_02_00,nan,819614,-,-,1
1,9nnn_J.002_028_PE_ST_M3_02_00,nan,819615,-,-,1
1,9nnn_J.002_028_PE_ST_M3_02_00,nan,824792,-,-,1
1,9nnn_J.002_028_PE_ST_M3_02_00,nan,824793,-,-,1
1,9nnn_J.002_028_PE_ST_M3_02_00,nan,824794,-,-,1
1,9nnn_J.002_028_PE_ST_M3_02_00,nan,824795,-,-,1
1,9nnn_J.002_028_PE_ST_M3_02_00,nan,824796,-,-,1
1,9nnn_J.002_028_PE_ST_M3_02_00,nan,824797,-,-,1
1,9nnn_J.002_028_PE_ST_M3_02_00,nan,824798,-,-,1
1,9nnn_J.002_028_PE_ST_M3_02_00,nan,824799,-,-,1
1,9nnn_J.002_028_PE_ST_M3_02_00,nan,824800,-,-,1
1,9nnn_J.002_028_PE_ST_M3_02_00,nan,824801,-,-,1
1,9nnn_J.002_028_PE_ST_M3_02_00,nan,824802,-,-,1
1,9nnn_J.002_028_PE_ST_M3_02_00,nan,824803,-,-,1
1,9nnn_J.002_028_PE_ST_M3_02_00,nan,824804,-,-,1
1,9nnn_J.002_028_PE_ST_M3_02_00,nan,824805,-,-,1
1,9nnn_J.002_028_PE_ST_M3_02_00,nan,824806,-,-,1
1,9nnn_J.002_028_PE_ST_M3_02_00,nan,824807,-,-,1
1,9nnn_J.002_028_PE_ST_M3_02_00,nan,824808,-,-,1
1,9nnn_J.002_028_PE_ST_M3_02_00,nan,824809,-,-,1
1,9nnn_J.002_028_PE_ST_M3_02_00,nan,824810,-,-,1
1,9nnn_J.002_028_PE_ST_M3_02_00,nan,824811,-,-,1
1,9nnn_J.002_028_PE_ST_M3_02_00,nan,824812,-,-,1
1,9nnn_J.002_028_PE_ST_M3_02_00,nan,824813,-,-,1
1,9nnn_J.002_028_PE_ST_M3_02_00,nan,824814,-,-,1
1,9nnn_J.002_028_PE_ST_M3_02_00,nan,824815,-,-,1
1,9nnn_J.002_028_PE_ST_M3_02_00,nan,824816,-,-,1
1,9nnn_J.002_028_PE_ST_M3_02_00,nan,824817,-,-,1
1,9nnn_J.002_028_PE_ST_M3_02_00,nan,824818,-,-,1
1,9nnn_J.002_028_PE_ST_M3_02_00,nan,824819,-,-,1
1,9nnn_J.002_028_PE_ST_M3_02_00,nan,825287,-,-,1
1,9nnn_J.002_028_PE_ST_M3_02_00,nan,825288,-,-,1
1,9nnn_J.002_028_PE_ST_M3_02_00,nan,825289,-,-,1
1,9nnn_J.002_028_PE_ST_M3_02_00,nan,825290,-,-,1
1,9nnn_J.002_028_PE_ST_M3_02_00,nan,825291,-,-,1
1,9nnn_J.002_028_PE_ST_M3_02_00,nan,825292,-,-,1
1,9nnn_J.002_028_PE_ST_M3_02_00,nan,825293,-,-,1
1,9nnn_J.002_028_PE_ST_M3_02_00,nan,825294,-,-,1
1,9nnn_J.002_028_PE_ST_M3_02_00,nan,825295,-,-,1
1,9nnn_J.002_028_PE_ST_M3_02_00,nan,825296,-,-,1
1,9nnn_J.002_028_PE_ST_M3_02_00,nan,825297,-,-,1
1,9nnn_J.002_028_PE_ST_M3_02_00,nan,825298,-,-,1
1,9nnn_J.002_028_PE_ST_M3_02_00,nan,825299,-,-,1
1,9nnn_J.002_028_PE_ST_M3_02_00,nan,825300,-,-,1
1,9nnn_J.002_028_PE_ST_M3_02_00,nan,825301,-,-,1
1,9nnn_J.002_028_PE_ST_M3_02_00,nan,825302,-,-,1
1,9nnn_J.002_028_PE_ST_M3_02_00,nan,825303,-,-,1
1,9nnn_J.002_028_PE_ST_M3_02_00,nan,825304,-,-,1
1,9nnn_J.002_028_PE_ST_M3_02_00,nan,825305,-,-,1
1,9nnn_J.002_028_PE_ST_M3_02_00,nan,825306,-,-,1
1,9nnn_J.002_028_PE_ST_M3_02_00,nan,825307,-,-,1
1,9nnn_J.002_028_PE_ST_M3_02_00,nan,825308,-,-,1
1,9nnn_J.002_028_PE_ST_M3_02_00,nan,825309,-,-,1
1,9nnn_J.002_028_PE_ST_M3_02_00,nan,825310,-,-,1
1,9nnn_J.002_028_PE_ST_M3_02_00,nan,825311,-,-,1
1,9nnn_J.002_028_PE_ST_M3_02_00,nan,825312,-,-,1
1,9nnn_J.002_028_PE_ST_M3_02_00,nan,825313,-,-,1
1,9nnn_J.002_028_PE_ST_M3_02_00,nan,825314,-,-,1
1,9nnn_J.002_028_PE_ST_M3_02_00,nan,829898,-,-,1
1,9nnn_J.002_028_PE_ST_M3_02_00,nan,829899,-,-,1
1,9nnn_J.002_028_PE_ST_M3_02_00,nan,829900,-,-,1
1,9nnn_J.002_028_PE_ST_M3_02_00,nan,829901,-,-,1
1,9nnn_J.002_028_PE_ST_M3_02_00,nan,832082,-,-,1
1,9nnn_J.002_028_PE_ST_M3_02_00,nan,832083,-,-,1
1,9nnn_J.002_028_PE_ST_M3_02_00,nan,832084,-,-,1
1,9nnn_J.002_028_PE_ST_M3_02_00,nan,832085,-,-,1
1,9nnn_J.002_028_PE_ST_M3_02_00,nan,832086,-,-,1
1,9nnn_J.002_028_PE_ST_M3_02_00,nan,832087,-,-,1
1,9nnn_J.002_028_PE_ST_M3_02_00,nan,832088,-,-,1
1,9nnn_J.002_028_PE_ST_M3_02_00,nan,832089,-,-,1
1,9nnn_J.002_028_PE_ST_M3_02_00,nan,832090,-,-,1
1,9nnn_J.002_028_PE_ST_M3_02_00,nan,832091,-,-,1
1,9nnn_J.002_028_PE_ST_M3_02_00,nan,832092,-,-,1
1,9nnn_J.002_028_PE_ST_M3_02_00,nan,832093,-,-,1
1,9nnn_J.002_028_PE_ST_M3_02_00,nan,832094,-,-,1
1,9nnn_J.002_028_PE_ST_M3_02_00,nan,832095,-,-,1
1,9nnn_J.002_028_PE_ST_M3_02_00,nan,832096,-,-,1
1,9nnn_J.002_028_PE_ST_M3_02_00,nan,832097,-,-,1
1,9nnn_J.002_028_PE_ST_M3_02_00,nan,832098,-,-,1
1,9nnn_J.002_028_PE_ST_M3_02_00,nan,832099,-,-,1
1,9nnn_J.002_028_PE_ST_M3_02_00,nan,832100,-,-,1
1,9nnn_J.002_028_PE_ST_M3_02_00,nan,832101,-,-,1
1,9nnn_J.002_028_PE_ST_M3_02_00,nan,832102,-,-,1
1,9nnn_J.002_028_PE_ST_M3_02_00,nan,832103,-,-,1
1,9nnn_J.002_028_PE_ST_M3_02_00,nan,832104,-,-,1
1,9nnn_J.002_028_PE_ST_M3_02_00,nan,832105,-,-,1
1,9nnn_J.002_028_PE_ST_M3_02_00,nan,832106,-,-,1
1,9nnn_J.002_028_PE_ST_M3_02_00,nan,832107,-,-,1
1,9nnn_J.002_028_PE_ST_M3_02_00,nan,832108,-,-,1
1,9nnn_J.002_028_PE_ST_M3_02_00,nan,832109,-,-,1
1,9nnn_J.002_028_PE_ST_M3_02_00,nan,832110,-,-,1
1,9nnn_J.002_028_PE_ST_M3_02_00,nan,832111,-,-,1
1,9nnn_J.002_028_PE_ST_M3_02_00,nan,832112,-,-,1
1,9nnn_J.002_028_PE_ST_M3_02_00,nan,832113,-,-,1
1,9nnn_J.002_028_PE_ST_M3_02_00,nan,832114,-,-,1
1,9nnn_J.002_028_PE_ST_M3_02_00,nan,832115,-,-,1
1,9nnn_J.002_028_PE_ST_M3_02_00,nan,832116,-,-,1
1,9nnn_J.002_028_PE_ST_M3_02_00,nan,832117,-,-,1
1,9nnn_J.002_028_PE_ST_M3_02_00,nan,832118,-,-,1
1,9nnn_J.002_028_PE_ST_M3_02_00,nan,832119,-,-,1
1,9nnn_J.002_028_PE_ST_M3_02_00,nan,832120,-,-,1
1,9nnn_J.002_028_PE_ST_M3_02_00,nan,832121,-,-,1
1,9nnn_J.002_028_PE_ST_M3_02_00,nan,832122,-,-,1
1,9nnn_J.002_028_PE_ST_M3_02_00,nan,832123,-,-,1
1,9nnn_J.002_028_PE_ST_M3_02_00,nan,832124,-,-,1
1,9nnn_J.002_028_PE_ST_M3_02_00,nan,832125,-,-,1
1,9nnn_J.002_028_PE_ST_M3_02_00,nan,834143,-,-,1
1,9nnn_J.002_028_PE_ST_M3_02_00,nan,834144,-,-,1
1,9nnn_J.002_028_PE_ST_M3_02_00,nan,834145,-,-,1
1,9nnn_J.002_028_PE_ST_M3_02_00,nan,834146,-,-,1
1,9nnn_J.002_028_PE_ST_M3_02_00,nan,834147,-,-,1
1,9nnn_J.002_028_PE_ST_M3_02_00,nan,834148,-,-,1
1,9nnn_J.002_028_PE_ST_M3_02_00,nan,834161,-,-,1
1,9nnn_J.002_028_PE_ST_M3_02_00,nan,834162,-,-,1
1,9nnn_J.002_028_PE_ST_M3_02_00,nan,834163,-,-,1
1,9nnn_J.002_028_PE_ST_M3_02_00,nan,834164,-,-,1
1,9nnn_J.002_028_PE_ST_M3_02_00,nan,834165,-,-,1
1,9nnn_J.002_028_PE_ST_M3_02_00,nan,834166,-,-,1
1,9nnn_J.002_028_PE_ST_M3_02_00,nan,834167,-,-,1
1,9nnn_J.002_028_PE_ST_M3_02_00,nan,834168,-,-,1
1,9nnn_J.002_028_PE_ST_M3_02_00,nan,834169,-,-,1
1,9nnn_J.002_028_PE_ST_M3_02_00,nan,834170,-,-,1
1,9nnn_J.002_028_PE_ST_M3_02_00,nan,834171,-,-,1
1,9nnn_J.002_028_PE_ST_M3_02_00,nan,834172,-,-,1
1,9nnn_J.002_028_PE_ST_M3_02_00,nan,834173,-,-,1
1,9nnn_J.002_028_PE_ST_M3_02_00,nan,834174,-,-,1
1,9nnn_J.002_028_PE_ST_M3_02_00,nan,834175,-,-,1
1,9nnn_J.002_028_PE_ST_M3_02_00,nan,834176,-,-,1
1,9nnn_J.002_028_PE_ST_M3_02_00,nan,834177,-,-,1
1,9nnn_J.002_028_PE_ST_M3_02_00,nan,834178,-,-,1
1,9nnn_J.002_028_PE_ST_M3_02_00,nan,834179,-,-,1
1,9nnn_J.002_028_PE_ST_M3_02_00,nan,834180,-,-,1
1,9nnn_J.002_028_PE_ST_M3_02_00,nan,834181,-,-,1
1,9nnn_J.002_028_PE_ST_M3_02_00,nan,834182,-,-,1
1,9nnn_J.002_028_PE_ST_M3_02_00,nan,834183,-,-,1
1,9nnn_J.002_028_PE_ST_M3_02_00,nan,834184,-,-,1
1,9nnn_J.002_028_PE_ST_M3_02_00,nan,834185,-,-,1
1,9nnn_J.002_028_PE_ST_M3_02_00,nan,834186,-,-,1
1,9nnn_J.002_028_PE_ST_M3_02_00,nan,834187,-,-,1
1,9nnn_J.002_028_PE_ST_M3_02_00,nan,834188,-,-,1
1,9nnn_J.002_028_PE_ST_M3_02_00,nan,834189,-,-,1
1,9nnn_J.002_028_PE_ST_M3_02_00,nan,834190,-,-,1
1,9nnn_J.002_028_PE_ST_M3_02_00,nan,843631,-,-,1
1,9nnn_J.002_028_PE_ST_M3_02_00,nan,843632,-,-,1
1,9nnn_J.002_028_PE_ST_M3_02_00,nan,843633,-,-,1
1,9nnn_J.002_028_PE_ST_M3_02_00,nan,843634,-,-,1
1,9nnn_J.002_028_PE_ST_M3_02_00,nan,843636,-,-,1
1,9nnn_J.002_028_PE_ST_M3_02_00,nan,843637,-,-,1
1,9nnn_J.002_028_PE_ST_M3_02_00,nan,843638,-,-,1
1,9nnn_J.002_028_PE_ST_M3_02_00,nan,843639,-,-,1
1,9nnn_J.002_028_PE_ST_M3_02_00,nan,843640,-,-,1
1,9nnn_J.002_028_PE_ST_M3_02_00,nan,843641,-,-,1
1,9nnn_J.002_028_PE_ST_M3_02_00,nan,843642,-,-,1
1,9nnn_J.002_028_PE_ST_M3_02_00,nan,843643,-,-,1
1,9nnn_J.002_028_PE_ST_M3_02_00,nan,843644,-,-,1
1,9nnn_J.002_028_PE_ST_M3_02_00,nan,843645,-,-,1
1,9nnn_J.002_028_PE_ST_M3_02_00,nan,843646,-,-,1
1,9nnn_J.002_028_PE_ST_M3_02_00,nan,843647,-,-,1
1,9nnn_J.002_028_PE_ST_M3_02_00,nan,843648,-,-,1
1,9nnn_J.002_028_PE_ST_M3_02_00,nan,843649,-,-,1
1,9nnn_J.002_028_PE_ST_M3_02_00,nan,843650,-,-,1
1,9nnn_J.002_028_PE_ST_M3_02_00,nan,843651,-,-,1
1,9nnn_J.002_028_PE_ST_M3_02_00,nan,843652,-,-,1
1,9nnn_J.002_028_PE_ST_M3_02_00,nan,843653,-,-,1
1,9nnn_J.002_028_PE_ST_M3_02_00,nan,843654,-,-,1
1,9nnn_J.002_028_PE_ST_M3_02_00,nan,843655,-,-,1
1,9nnn_J.002_028_PE_ST_M3_02_00,nan,843656,-,-,1
1,9nnn_J.002_028_PE_ST_M3_02_00,nan,843657,-,-,1
1,9nnn_J.002_028_PE_ST_M3_02_00,nan,843658,-,-,1
1,9nnn_J.002_028_PE_ST_M3_02_00,nan,843659,-,-,1
1,9nnn_J.002_028_PE_ST_M3_02_00,nan,843660,-,-,1
1,9nnn_J.002_028_PE_ST_M3_02_00,nan,843661,-,-,1
1,9nnn_J.002_028_PE_ST_M3_02_00,nan,843662,-,-,1
1,9nnn_J.002_028_PE_ST_M3_02_00,nan,843663,-,-,1
1,9nnn_J.002_028_PE_ST_M3_02_00,nan,843664,-,-,1
1,9nnn_J.002_028_PE_ST_M3_02_00,nan,843665,-,-,1
1,9nnn_J.002_028_PE_ST_M3_02_00,nan,843666,-,-,1
1,9nnn_J.002_028_PE_ST_M3_02_00,nan,843667,-,-,1
1,9nnn_J.002_028_PE_ST_M3_02_00,nan,843668,-,-,1
1,9nnn_J.002_028_PE_ST_M3_02_00,nan,843669,-,-,1
1,9nnn_J.002_028_PE_ST_M3_02_00,nan,843670,-,-,1
1,9nnn_J.002_028_PE_ST_M3_02_00,nan,843671,-,-,1
1,9nnn_J.002_028_PE_ST_M3_02_00,nan,843672,-,-,1
1,9nnn_J.002_028_PE_ST_M3_02_00,nan,843673,-,-,1
1,9nnn_J.002_028_PE_ST_M3_02_00,nan,843674,-,-,1
1,9nnn_J.002_028_PE_ST_M3_02_00,nan,843675,-,-,1
1,9nnn_J.002_028_PE_ST_M3_02_00,nan,843676,-,-,1
1,9nnn_J.002_028_PE_ST_M3_02_00,nan,843677,-,-,1
1,9nnn_J.002_028_PE_ST_M3_02_00,nan,843678,-,-,1
1,9nnn_J.002_028_PE_ST_M3_02_00,nan,843679,-,-,1
1,9nnn_J.002_028_PE_ST_M3_02_00,nan,843680,-,-,1
1,9nnn_J.002_028_PE_ST_M3_02_00,nan,843681,-,-,1
1,9nnn_J.002_028_PE_ST_M3_02_00,nan,843682,-,-,1
1,9nnn_J.002_028_PE_ST_M3_02_00,nan,843683,-,-,1
1,9nnn_J.002_028_PE_ST_M3_02_00,nan,843684,-,-,1
1,9nnn_J.002_028_PE_ST_M3_02_00,nan,843685,-,-,1
1,9nnn_J.002_028_PE_ST_M3_02_00,nan,843686,-,-,1
1,9nnn_J.002_028_PE_ST_M3_02_00,nan,843687,-,-,1
1,9nnn_J.002_028_PE_ST_M3_02_00,nan,843688,-,-,1
1,9nnn_J.002_028_PE_ST_M3_02_00,nan,843689,-,-,1
1,9nnn_J.002_028_PE_ST_M3_02_00,nan,843690,-,-,1
1,9nnn_J.002_028_PE_ST_M3_02_00,nan,843691,-,-,1
1,9nnn_J.002_028_PE_ST_M3_02_00,nan,843692,-,-,1
1,9nnn_J.002_028_PE_ST_M3_02_00,nan,843693,-,-,1
1,9nnn_J.002_028_PE_ST_M3_02_00,nan,843694,-,-,1
1,9nnn_J.002_028_PE_ST_M3_02_00,nan,843695,-,-,1
1,9nnn_J.002_028_PE_ST_M3_02_00,nan,843696,-,-,1
1,9nnn_J.002_028_PE_ST_M3_02_00,nan,843697,-,-,1
1,9nnn_J.002_028_PE_ST_M3_02_00,nan,843698,-,-,1
1,9nnn_J.002_028_PE_ST_M3_02_00,nan,843699,-,-,1
1,9nnn_J.002_028_PE_ST_M3_02_00,nan,843700,-,-,1
1,9nnn_J.002_028_PE_ST_M3_02_00,nan,843701,-,-,1
1,9nnn_J.002_028_PE_ST_M3_02_00,nan,843702,-,-,1
1,9nnn_J.002_028_PE_ST_M3_02_00,nan,843703,-,-,1
1,9nnn_J.002_028_PE_ST_M3_02_00,nan,843704,-,-,1
1,9nnn_J.002_028_PE_ST_M3_02_00,nan,843705,-,-,1
1,9nnn_J.002_028_PE_ST_M3_02_00,nan,843706,-,-,1
1,9nnn_J.002_028_PE_ST_M3_02_00,nan,843707,-,-,1
1,9nnn_J.002_028_PE_ST_M3_02_00,nan,843708,-,-,1
1,9nnn_J.002_028_PE_ST_M3_02_00,nan,843709,-,-,1
1,9nnn_J.002_028_PE_ST_M3_02_00,nan,843710,-,-,1
1,9nnn_J.002_028_PE_ST_M3_02_00,nan,843711,-,-,1
1,9nnn_J.002_028_PE_ST_M3_02_00,nan,843712,-,-,1
1,9nnn_J.002_028_PE_ST_M3_02_00,nan,843713,-,-,1
1,9nnn_J.002_028_PE_ST_M3_02_00,nan,843714,-,-,1
1,9nnn_J.002_028_PE_ST_M3_02_00,nan,843715,-,-,1
1,9nnn_J.002_028_PE_ST_M3_02_00,nan,843716,-,-,1
1,9nnn_J.002_028_PE_ST_M3_02_00,nan,843717,-,-,1
1,9nnn_J.002_028_PE_ST_M3_02_00,nan,843718,-,-,1
1,9nnn_J.002_028_PE_ST_M3_02_00,nan,843719,-,-,1
1,9nnn_J.002_028_PE_ST_M3_02_00,nan,843720,-,-,1
1,9nnn_J.002_028_PE_ST_M3_02_00,nan,843721,-,-,1
1,9nnn_J.002_028_PE_ST_M3_02_00,nan,843722,-,-,1
1,9nnn_J.002_028_PE_ST_M3_02_00,nan,843723,-,-,1
1,9nnn_J.002_028_PE_ST_M3_02_00,nan,843724,-,-,1
1,9nnn_J.002_028_PE_ST_M3_02_00,nan,843725,-,-,1
1,9nnn_J.002_028_PE_ST_M3_02_00,nan,843726,-,-,1
1,9nnn_J.002_028_PE_ST_M3_02_00,nan,843727,-,-,1
1,9nnn_J.002_028_PE_ST_M3_02_00,nan,843728,-,-,1
1,9nnn_J.002_028_PE_ST_M3_02_00,nan,843729,-,-,1
1,9nnn_J.002_028_PE_ST_M3_02_00,nan,843730,-,-,1
1,9nnn_J.002_028_PE_ST_M3_02_00,nan,843731,-,-,1
1,9nnn_J.002_028_PE_ST_M3_02_00,nan,843732,-,-,1
1,9nnn_J.002_028_PE_ST_M3_02_00,nan,843733,-,-,1
1,9nnn_J.002_028_PE_ST_M3_02_00,nan,843734,-,-,1
1,9nnn_J.002_028_PE_ST_M3_02_00,nan,843735,-,-,1
1,9nnn_J.002_028_PE_ST_M3_02_00,nan,843736,-,-,1
1,9nnn_J.002_028_PE_ST_M3_02_00,nan,843737,-,-,1
1,9nnn_J.002_028_PE_ST_M3_02_00,nan,843738,-,-,1
1,9nnn_J.002_028_PE_ST_M3_02_00,nan,843739,-,-,1
1,9nnn_J.002_028_PE_ST_M3_02_00,nan,843740,-,-,1
1,9nnn_J.002_028_PE_ST_M3_02_00,nan,843741,-,-,1
1,9nnn_J.002_028_PE_ST_M3_02_00,nan,843742,-,-,1
1,9nnn_J.002_028_PE_ST_M3_02_00,nan,843743,-,-,1
1,9nnn_J.002_028_PE_ST_M3_02_00,nan,843744,-,-,1
1,9nnn_J.002_028_PE_ST_M3_02_00,nan,843745,-,-,1
1,9nnn_J.002_028_PE_ST_M3_02_00,nan,843746,-,-,1
1,9nnn_J.002_028_PE_ST_M3_02_00,nan,843747,-,-,1
1,9nnn_J.002_028_PE_ST_M3_02_00,nan,843748,-,-,1
1,9nnn_J.002_028_PE_ST_M3_02_00,nan,843749,-,-,1
1,9nnn_J.002_028_PE_ST_M3_02_00,nan,843750,-,-,1
1,9nnn_J.002_028_PE_ST_M3_02_00,nan,843751,-,-,1
1,9nnn_J.002_028_PE_ST_M3_02_00,nan,843752,-,-,1
1,9nnn_J.002_028_PE_ST_M3_02_00,nan,843753,-,-,1
1,9nnn_J.002_028_PE_ST_M3_02_00,nan,843754,-,-,1
1,9nnn_J.002_028_PE_ST_M3_02_00,nan,843755,-,-,1
1,9nnn_J.002_028_PE_ST_M3_02_00,nan,843756,-,-,1
1,9nnn_J.002_028_PE_ST_M3_02_00,nan,843757,-,-,1
1,9nnn_J.002_028_PE_ST_M3_02_00,nan,843758,-,-,1
1,9nnn_J.002_028_PE_ST_M3_02_00,nan,843759,-,-,1
1,9nnn_J.002_028_PE_ST_M3_02_00,nan,843760,-,-,1
1,9nnn_J.002_028_PE_ST_M3_02_00,nan,843761,-,-,1
1,9nnn_J.002_028_PE_ST_M3_02_00,nan,843762,-,-,1
1,9nnn_J.002_028_PE_ST_M3_02_00,nan,843763,-,-,1
1,9nnn_J.002_028_PE_ST_M3_02_00,nan,843764,-,-,1
1,9nnn_J.002_028_PE_ST_M3_02_00,nan,843765,-,-,1
1,9nnn_J.002_028_PE_ST_M3_02_00,nan,843766,-,-,1
1,9nnn_J.002_028_PE_ST_M3_02_00,nan,843767,-,-,1
1,9nnn_J.002_028_PE_ST_M3_02_00,nan,843768,-,-,1
1,9nnn_J.002_028_PE_ST_M3_02_00,nan,843769,-,-,1
1,9nnn_J.002_028_PE_ST_M3_02_00,nan,843770,-,-,1
1,9nnn_J.002_028_PE_ST_M3_02_00,nan,843771,-,-,1
1,9nnn_J.002_028_PE_ST_M3_02_00,nan,843772,-,-,1
1,9nnn_J.002_028_PE_ST_M3_02_00,nan,843773,-,-,1
1,9nnn_J.002_028_PE_ST_M3_02_00,nan,843774,-,-,1
1,9nnn_J.002_028_PE_ST_M3_02_00,nan,843775,-,-,1
1,9nnn_J.002_028_PE_ST_M3_02_00,nan,843776,-,-,1
1,9nnn_J.002_028_PE_ST_M3_02_00,nan,843777,-,-,1
1,9nnn_J.002_028_PE_ST_M3_02_00,nan,843778,-,-,1
1,9nnn_J.002_028_PE_ST_M3_02_00,nan,843779,-,-,1
1,9nnn_J.002_028_PE_ST_M3_02_00,nan,843780,-,-,1
1,9nnn_J.002_028_PE_ST_M3_02_00,nan,843781,-,-,1
1,9nnn_J.002_028_PE_ST_M3_02_00,nan,843782,-,-,1
1,9nnn_J.002_028_PE_ST_M3_02_00,nan,843783,-,-,1
1,9nnn_J.002_028_PE_ST_M3_02_00,nan,843784,-,-,1
1,9nnn_J.002_028_PE_ST_M3_02_00,nan,843785,-,-,1
1,9nnn_J.002_028_PE_ST_M3_02_00,nan,843786,-,-,1
1,9nnn_J.002_028_PE_ST_M3_02_00,nan,843787,-,-,1
1,9nnn_J.002_028_PE_ST_M3_02_00,nan,843788,-,-,1
1,9nnn_J.002_028_PE_ST_M3_02_00,nan,843789,-,-,1
1,9nnn_J.002_028_PE_ST_M3_02_00,nan,843790,-,-,1
1,9nnn_J.002_028_PE_ST_M3_02_00,nan,843791,-,-,1
1,9nnn_J.002_028_PE_ST_M3_02_00,nan,843794,-,-,1
1,9nnn_J.002_028_PE_ST_M3_02_00,nan,843795,-,-,1
1,9nnn_J.002_028_PE_ST_M3_02_00,nan,843796,-,-,1
1,9nnn_J.002_028_PE_ST_M3_02_00,nan,843797,-,-,1
1,9nnn_J.002_028_PE_ST_M3_02_00,nan,699381,-,-,1
1,9nnn_J.002_028_PE_ST_M3_02_00,nan,705223,-,-,1
1,9nnn_J.002_028_PE_ST_M3_02_00,nan,705235,-,-,1
1,9nnn_J.002_028_PE_ST_M3_02_00,nan,705247,-,-,1
1,9nnn_J.002_028_PE_ST_M3_02_00,nan,705259,-,-,1
1,9nnn_J.002_028_PE_ST_M3_02_00,nan,705273,-,-,1
1,9nnn_J.002_028_PE_ST_M3_02_00,nan,705287,-,-,1
1,9nnn_J.002_028_PE_ST_M3_02_00,nan,705299,-,-,1
1,9nnn_J.002_028_PE_ST_M3_02_00,nan,705311,-,-,1
1,9nnn_J.002_028_PE_ST_M3_02_00,nan,705335,-,-,1
1,9nnn_J.002_028_PE_ST_M3_02_00,nan,705363,-,-,1
1,9nnn_J.002_028_PE_ST_M3_02_00,nan,705375,-,-,1
1,9nnn_J.002_028_PE_ST_M3_02_00,nan,705387,-,-,1
1,9nnn_J.002_028_PE_ST_M3_02_00,nan,705399,-,-,1
1,9nnn_J.002_028_PE_ST_M3_02_00,nan,705411,-,-,1
1,9nnn_J.002_028_PE_ST_M3_02_00,nan,705425,-,-,1
1,9nnn_J.002_028_PE_ST_M3_02_00,nan,705437,-,-,1
1,9nnn_J.002_028_PE_ST_M3_02_00,nan,705449,-,-,1
1,9nnn_J.002_028_PE_ST_M3_02_00,nan,705461,-,-,1
1,9nnn_J.002_028_PE_ST_M3_02_00,nan,705518,-,-,1
1,9nnn_J.002_028_PE_ST_M3_02_00,nan,705532,-,-,1
1,9nnn_J.002_028_PE_ST_M3_02_00,nan,705544,-,-,1
1,9nnn_J.002_028_PE_ST_M3_02_00,nan,705556,-,-,1
1,9nnn_J.002_028_PE_ST_M3_02_00,nan,705568,-,-,1
1,9nnn_J.002_028_PE_ST_M3_02_00,nan,705580,-,-,1
1,9nnn_J.002_028_PE_ST_M3_02_00,nan,705592,-,-,1
1,9nnn_J.002_028_PE_ST_M3_02_00,nan,705606,-,-,1
1,9nnn_J.002_028_PE_ST_M3_02_00,nan,705618,-,-,1
1,9nnn_J.002_028_PE_ST_M3_02_00,nan,705650,-,-,1
1,9nnn_J.002_028_PE_ST_M3_02_00,nan,705662,-,-,1
1,9nnn_J.002_028_PE_ST_M3_02_00,nan,705676,-,-,1
1,9nnn_J.002_028_PE_ST_M3_02_00,nan,705688,-,-,1
1,9nnn_J.002_028_PE_ST_M3_02_00,nan,705700,-,-,1
1,9nnn_J.002_028_PE_ST_M3_02_00,nan,705712,-,-,1
1,9nnn_J.002_028_PE_ST_M3_02_00,nan,705724,-,-,1
1,9nnn_J.002_028_PE_ST_M3_02_00,nan,705736,-,-,1
1,9nnn_J.002_028_PE_ST_M3_02_00,nan,705762,-,-,1
1,9nnn_J.002_028_PE_ST_M3_02_00,nan,705800,-,-,1
1,9nnn_J.002_028_PE_ST_M3_02_00,nan,711556,-,-,1
1,9nnn_J.002_028_PE_ST_M3_02_00,nan,711814,-,-,1
1,9nnn_J.002_028_PE_ST_M3_02_00,nan,711891,-,-,1
1,9nnn_J.002_028_PE_ST_M3_02_00,nan,711903,-,-,1
1,9nnn_J.002_028_PE_ST_M3_02_00,nan,711914,-,-,1
1,9nnn_J.002_028_PE_ST_M3_02_00,nan,711925,-,-,1
1,9nnn_J.002_028_PE_ST_M3_02_00,nan,711936,-,-,1
1,9nnn_J.002_028_PE_ST_M3_02_00,nan,711947,-,-,1
1,9nnn_J.002_028_PE_ST_M3_02_00,nan,711958,-,-,1
1,9nnn_J.002_028_PE_ST_M3_02_00,nan,711969,-,-,1
1,9nnn_J.002_028_PE_ST_M3_02_00,nan,711980,-,-,1
1,9nnn_J.002_028_PE_ST_M3_02_00,nan,713107,-,-,1
1,9nnn_J.002_028_PE_ST_M3_02_00,nan,713415,-,-,1
1,9nnn_J.002_028_PE_ST_M3_02_00,nan,713485,-,-,1
1,9nnn_J.002_028_PE_ST_M3_02_00,nan,713614,-,-,1
1,9nnn_J.002_028_PE_ST_M3_02_00,nan,713771,-,-,1
1,9nnn_J.002_028_PE_ST_M3_02_00,nan,714449,-,-,1
1,9nnn_J.002_028_PE_ST_M3_02_00,nan,714474,-,-,1
1,9nnn_J.002_028_PE_ST_M3_02_00,nan,714501,-,-,1
1,9nnn_J.002_028_PE_ST_M3_02_00,nan,714546,-,-,1
1,9nnn_J.002_028_PE_ST_M3_02_00,nan,714574,-,-,1
1,9nnn_J.002_028_PE_ST_M3_02_00,nan,714612,-,-,1
1,9nnn_J.002_028_PE_ST_M3_02_00,nan,714816,-,-,1
1,9nnn_J.002_028_PE_ST_M3_02_00,nan,714894,-,-,1
1,9nnn_J.002_028_PE_ST_M3_02_00,nan,715200,-,-,1
1,9nnn_J.002_028_PE_ST_M3_02_00,nan,715426,-,-,1
1,9nnn_J.002_028_PE_ST_M3_02_00,nan,715529,-,-,1
1,9nnn_J.002_028_PE_ST_M3_02_00,nan,715583,-,-,1
1,9nnn_J.002_028_PE_ST_M3_02_00,nan,715593,-,-,1
1,9nnn_J.002_028_PE_ST_M3_02_00,nan,715599,-,-,1
1,9nnn_J.002_028_PE_ST_M3_02_00,nan,715609,-,-,1
1,9nnn_J.002_028_PE_ST_M3_02_00,nan,715617,-,-,1
1,9nnn_J.002_028_PE_ST_M3_02_00,nan,715623,-,-,1
1,9nnn_J.002_028_PE_ST_M3_02_00,nan,715629,-,-,1
1,9nnn_J.002_028_PE_ST_M3_02_00,nan,715635,-,-,1
1,9nnn_J.002_028_PE_ST_M3_02_00,nan,715831,-,-,1
1,9nnn_J.002_028_PE_ST_M3_02_00,nan,716788,-,-,1
1,9nnn_J.002_028_PE_ST_M3_02_00,nan,716849,-,-,1
1,9nnn_J.002_028_PE_ST_M3_02_00,nan,722247,-,-,1
1,9nnn_J.002_028_PE_ST_M3_02_00,nan,725784,-,-,1
1,9nnn_J.002_028_PE_ST_M3_02_00,nan,726166,-,-,1
1,9nnn_J.002_028_PE_ST_M3_02_00,nan,726248,-,-,1
1,9nnn_J.002_028_PE_ST_M3_02_00,nan,726906,-,-,1
1,9nnn_J.002_028_PE_ST_M3_02_00,nan,726980,-,-,1
1,9nnn_J.002_028_PE_ST_M3_02_00,nan,727004,-,-,1
1,9nnn_J.002_028_PE_ST_M3_02_00,nan,727058,-,-,1
1,9nnn_J.002_028_PE_ST_M3_02_00,nan,727064,-,-,1
1,9nnn_J.002_028_PE_ST_M3_02_00,nan,727299,-,-,1
1,9nnn_J.002_028_PE_ST_M3_02_00,nan,727350,-,-,1
1,9nnn_J.002_028_PE_ST_M3_02_00,nan,727365,-,-,1
1,9nnn_J.002_028_PE_ST_M3_02_00,nan,727527,-,-,1
1,9nnn_J.002_028_PE_ST_M3_02_00,nan,727539,-,-,1
1,9nnn_J.002_028_PE_ST_M3_02_00,nan,727634,-,-,1
1,9nnn_J.002_028_PE_ST_M3_02_00,nan,727694,-,-,1
1,9nnn_J.002_028_PE_ST_M3_02_00,nan,727715,-,-,1
1,9nnn_J.002_028_PE_ST_M3_02_00,nan,727820,-,-,1
1,9nnn_J.002_028_PE_ST_M3_02_00,nan,727907,-,-,1
1,9nnn_J.002_028_PE_ST_M3_02_00,nan,728029,-,-,1
1,9nnn_J.002_028_PE_ST_M3_02_00,nan,728145,-,-,1
1,9nnn_J.002_028_PE_ST_M3_02_00,nan,728151,-,-,1
1,9nnn_J.002_028_PE_ST_M3_02_00,nan,728156,-,-,1
1,9nnn_J.002_028_PE_ST_M3_02_00,nan,728161,-,-,1
1,9nnn_J.002_028_PE_ST_M3_02_00,nan,728208,-,-,1
1,9nnn_J.002_028_PE_ST_M3_02_00,nan,728217,-,-,1
1,9nnn_J.002_028_PE_ST_M3_02_00,nan,728246,-,-,1
1,9nnn_J.002_028_PE_ST_M3_02_00,nan,728251,-,-,1
1,9nnn_J.002_028_PE_ST_M3_02_00,nan,728350,-,-,1
1,9nnn_J.002_028_PE_ST_M3_02_00,nan,728380,-,-,1
1,9nnn_J.002_028_PE_ST_M3_02_00,nan,728392,-,-,1
1,9nnn_J.002_028_PE_ST_M3_02_00,nan,728415,-,-,1
1,9nnn_J.002_028_PE_ST_M3_02_00,nan,728436,-,-,1
1,9nnn_J.002_028_PE_ST_M3_02_00,nan,728450,-,-,1
1,9nnn_J.002_028_PE_ST_M3_02_00,nan,728458,-,-,1
1,9nnn_J.002_028_PE_ST_M3_02_00,nan,728631,-,-,1
1,9nnn_J.002_028_PE_ST_M3_02_00,nan,734481,-,-,1
1,9nnn_J.002_028_PE_ST_M3_02_00,nan,735577,-,-,1
1,9nnn_J.002_028_PE_ST_M3_02_00,nan,736016,-,-,1
1,9nnn_J.002_028_PE_ST_M3_02_00,nan,736399,-,-,1
1,9nnn_J.002_028_PE_ST_M3_02_00,nan,736913,-,-,1
1,9nnn_J.002_028_PE_ST_M3_02_00,nan,737501,-,-,1
1,9nnn_J.002_028_PE_ST_M3_02_00,nan,741787,-,-,1
1,9nnn_J.002_028_PE_ST_M3_02_00,nan,752066,-,-,1
1,9nnn_J.002_028_PE_ST_M3_02_00,nan,755908,-,-,1
1,9nnn_J.002_028_PE_ST_M3_02_00,nan,756020,-,-,1
1,9nnn_J.002_028_PE_ST_M3_02_00,nan,756073,-,-,1
1,9nnn_J.002_028_PE_ST_M3_02_00,nan,767021,-,-,1
1,9nnn_J.002_028_PE_ST_M3_02_00,nan,769176,-,-,1
1,9nnn_J.002_028_PE_ST_M3_02_00,nan,769895,-,-,1
1,9nnn_J.002_028_PE_ST_M3_02_00,nan,771997,-,-,1
1,9nnn_J.002_028_PE_ST_M3_02_00,nan,774056,-,-,1
1,9nnn_J.002_028_PE_ST_M3_02_00,nan,774564,-,-,1
1,9nnn_J.002_028_PE_ST_M3_02_00,nan,774980,-,-,1
1,9nnn_J.002_028_PE_ST_M3_02_00,nan,795013,-,-,1
1,9nnn_J.002_028_PE_ST_M3_02_00,nan,795188,-,-,1
1,9nnn_J.002_028_PE_ST_M3_02_00,nan,795370,-,-,1
1,9nnn_J.002_028_PE_ST_M3_02_00,nan,795487,-,-,1
1,9nnn_J.002_028_PE_ST_M3_02_00,nan,795891,-,-,1
1,9nnn_J.002_028_PE_ST_M3_02_00,nan,795941,-,-,1
1,9nnn_J.002_028_PE_ST_M3_02_00,nan,796289,-,-,1
1,9nnn_J.002_028_PE_ST_M3_02_00,nan,797460,-,-,1
1,9nnn_J.002_028_PE_ST_M3_02_00,nan,799257,-,-,1
1,9nnn_J.002_028_PE_ST_M3_02_00,nan,799269,-,-,1
1,9nnn_J.002_028_PE_ST_M3_02_00,nan,800103,-,-,1
1,9nnn_J.002_028_PE_ST_M3_02_00,nan,819570,-,-,1
1,9nnn_J.002_028_PE_ST_M3_02_00,nan,819849,-,-,1
1,9nnn_J.002_028_PE_ST_M3_02_00,nan,822019,-,-,1
1,9nnn_J.002_028_PE_ST_M3_02_00,nan,822030,-,-,1
1,9nnn_J.002_028_PE_ST_M3_02_00,nan,822038,-,-,1
1,9nnn_J.002_028_PE_ST_M3_02_00,nan,824791,-,-,1
1,9nnn_J.002_028_PE_ST_M3_02_00,nan,825286,-,-,1
1,9nnn_J.002_028_PE_ST_M3_02_00,nan,829728,-,-,1
1,9nnn_J.002_028_PE_ST_M3_02_00,nan,829897,-,-,1
1,9nnn_J.002_028_PE_ST_M3_02_00,nan,834142,-,-,1
1,9nnn_J.002_028_PE_ST_M3_02_00,nan,836947,-,-,1
1,9nnn_J.002_028_PE_ST_M3_02_00,nan,846195,-,-,1
1,9nnn_J.002_028_PE_ST_M3_02_00,nan,847737,-,-,1
1,9nnn_J.002_028_PE_ST_M3_02_00,nan,848248,-,-,1
1,9nnn_J.002_028_PE_ST_M3_02_00,nan,848347,-,-,1
1,9nnn_J.002_028_PE_ST_M3_02_00,nan,851070,-,-,1
1,9nnn_J.002_028_PE_ST_M3_02_00,nan,851209,-,-,1
1,9nnn_J.002_028_PE_ST_M3_02_00,Pavimento:ST_PAV_GET_250mm_CalcestruzzoArmato,691685,-,-,1
1,9nnn_J.002_028_PE_ST_M3_02_00,Pavimento:ST_PAV_MST_130mm_MistoGrecato,692372,-,-,1
1,9nnn_J.002_028_PE_ST_M3_02_00,Pavimento:ST_PAV_GET_250mm_CalcestruzzoArmato,706642,-,-,1
1,9nnn_J.002_028_PE_ST_M3_02_00,Pavimento:ST_PAV_GET_250mm_CalcestruzzoArmato,708150,-,-,1
1,9nnn_J.002_028_PE_ST_M3_02_00,Pavimento:ST_PAV_GET_250mm_CalcestruzzoArmato,709748,-,-,1
1,9nnn_J.002_028_PE_ST_M3_02_00,Pavimento:ST_PAV_GET_250mm_CalcestruzzoArmato,710298,-,-,1
1,9nnn_J.002_028_PE_ST_M3_02_00,Pavimento:ST_PAV_GET_100mm_Magrone,722289,-,-,1
1,9nnn_J.002_028_PE_ST_M3_02_00,Pavimento:ST_PAV_GET_250mm_CalcestruzzoArmato,749570,-,-,1
1,9nnn_J.002_028_PE_ST_M3_02_00,Pavimento:ST_PAV_GET_250mm_CalcestruzzoArmato,749607,-,-,1
2,9nnn_J.002_028_PE_ST_M3_02_00,Pavimento:ST_PAV_MST_130mm_MistoGrecato,754092,-,-,1
2,9nnn_J.002_028_PE_ST_M3_02_00,Pavimento:ST_PAV_GET_200mm_CalcestruzzoArmato,781949,-,-,1
2,9nnn_J.002_028_PE_ST_M3_02_00,Pavimento:ST_PAV_GET_200mm_CalcestruzzoArmato,803573,-,-,1
1,9nnn_J.002_028_PE_ST_M3_02_00,Pavimento:ST_PAV_MST_110mm_MistoGrecato,805295,-,-,1
1,9nnn_J.002_028_PE_ST_M3_02_00,Pavimento:ST_PAV_MST_110mm_MistoGrecato,809211,-,-,1
1,9nnn_J.002_028_PE_ST_M3_02_00,Pavimento:ST_PAV_GET_200mm_CalcestruzzoArmato,810086,-,-,1
1,9nnn_J.002_028_PE_ST_M3_02_00,Pavimento:ST_PAV_GET_200mm_CalcestruzzoArmato,810374,-,-,1
1,9nnn_J.002_028_PE_ST_M3_02_00,Pavimento:ST_PAV_MST_110mm_MistoGrecato,810619,-,-,1
1,9nnn_J.002_028_PE_ST_M3_02_00,nan,815104,-,-,1
7,9nnn_J.002_028_PE_ST_M3_02_00,Pavimento:ST_PAV_MST_110mm_MistoGrecato,815104,-,-,1
1,9nnn_J.002_028_PE_ST_M3_02_00,Pavimento:ST_PAV_GET_100mm_Magrone,846199,-,-,1
1,9nnn_J.002_028_PE_ST_M3_02_00,Pianerottolo monolitico:ST_PIA_RET_Car_CalcestruzzoArmato,857144,-,-,1
1,9nnn_J.002_028_PE_ST_M3_02_00,Pianerottolo monolitico:ST_PIA_RET_Car_CalcestruzzoArmato,857663,-,-,1
1,9nnn_J.002_028_PE_ST_M3_02_00,Pianerottolo monolitico:ST_PIA_RET_Car_CalcestruzzoArmato,859472,-,-,1
1,9nnn_J.002_028_PE_ST_M3_02_00,Pianerottolo monolitico:ST_PIA_RET_Car_CalcestruzzoArmato,862743,-,-,1
1,9nnn_J.002_028_PE_ST_M3_02_00,Scala gettata in opera:ST_SCA_Car_250mm_StraightRun,793521,-,-,1
1,9nnn_J.002_028_PE_ST_M3_02_00,Scala gettata in opera:ST_SCA_Car_250mm_HalfTurn,856780,-,-,1
1,9nnn_J.002_028_PE_ST_M3_02_00,Scala gettata in opera:ST_SCA_Car_250mm_HalfTurn,857658,-,-,1
1,9nnn_J.002_028_PE_ST_M3_02_00,Scala gettata in opera:ST_SCA_Car_250mm_HalfTurn,859150,-,-,1
1,9nnn_J.002_028_PE_ST_M3_02_00,Scala gettata in opera:ST_SCA_Car_250mm_HalfTurn,862476,-,-,1
1,9nnn_J.002_028_PE_ST_M3_02_00,Rampa monolitica:ST_RMS_RET_Car_CalcestruzzoArmato,793524,-,-,1
1,9nnn_J.002_028_PE_ST_M3_02_00,Rampa monolitica:ST_RMS_RET_Car_CalcestruzzoArmato,856838,-,-,1
1,9nnn_J.002_028_PE_ST_M3_02_00,Rampa monolitica:ST_RMS_RET_Car_CalcestruzzoArmato,857034,-,-,1
1,9nnn_J.002_028_PE_ST_M3_02_00,Rampa monolitica:ST_RMS_RET_Car_CalcestruzzoArmato,857659,-,-,1
1,9nnn_J.002_028_PE_ST_M3_02_00,Rampa monolitica:ST_RMS_RET_Car_CalcestruzzoArmato,857661,-,-,1
1,9nnn_J.002_028_PE_ST_M3_02_00,Rampa monolitica:ST_RMS_RET_Car_CalcestruzzoArmato,859228,-,-,1
1,9nnn_J.002_028_PE_ST_M3_02_00,Rampa monolitica:ST_RMS_RET_Car_CalcestruzzoArmato,859470,-,-,1
1,9nnn_J.002_028_PE_ST_M3_02_00,Rampa monolitica:ST_RMS_RET_Car_CalcestruzzoArmato,862612,-,-,1
1,9nnn_J.002_028_PE_ST_M3_02_00,Rampa monolitica:ST_RMS_RET_Car_CalcestruzzoArmato,862741,-,-,1
1,9nnn_J.002_028_PE_ST_M3_02_00,Muro di base:ST_MUR_POR_300mm_CalcestruzzoArmato,684459,-,-,1
1,9nnn_J.002_028_PE_ST_M3_02_00,Muro di base:ST_MUR_POR_300mm_CalcestruzzoArmato,684956,-,-,1
1,9nnn_J.002_028_PE_ST_M3_02_00,Muro di base:ST_MUR_POR_300mm_CalcestruzzoArmato,685012,-,-,1
1,9nnn_J.002_028_PE_ST_M3_02_00,Muro di base:ST_MUR_POR_300mm_CalcestruzzoArmato,685106,-,-,1
1,9nnn_J.002_028_PE_ST_M3_02_00,Muro di base:ST_MUR_POR_300mm_CalcestruzzoArmato,706227,-,-,1
1,9nnn_J.002_028_PE_ST_M3_02_00,Muro di base:ST_MUR_POR_300mm_CalcestruzzoArmato,706228,-,-,1
1,9nnn_J.002_028_PE_ST_M3_02_00,Muro di base:ST_MUR_POR_300mm_CalcestruzzoArmato,706229,-,-,1
1,9nnn_J.002_028_PE_ST_M3_02_00,Muro di base:ST_MUR_POR_300mm_CalcestruzzoArmato,706230,-,-,1
1,9nnn_J.002_028_PE_ST_M3_02_00,Muro di base:ST_MUR_POR_300mm_CalcestruzzoArmato,706714,-,-,1
1,9nnn_J.002_028_PE_ST_M3_02_00,Muro di base:ST_MUR_POR_300mm_CalcestruzzoArmato,707171,-,-,1
1,9nnn_J.002_028_PE_ST_M3_02_00,Muro di base:ST_MUR_POR_300mm_CalcestruzzoArmato,707268,-,-,1
1,9nnn_J.002_028_PE_ST_M3_02_00,Muro di base:ST_MUR_POR_300mm_CalcestruzzoArmato,707524,-,-,1
1,9nnn_J.002_028_PE_ST_M3_02_00,Muro di base:ST_MUR_POR_300mm_CalcestruzzoArmato,707525,-,-,1
1,9nnn_J.002_028_PE_ST_M3_02_00,Muro di base:ST_MUR_POR_300mm_CalcestruzzoArmato,707526,-,-,1
1,9nnn_J.002_028_PE_ST_M3_02_00,Muro di base:ST_MUR_POR_300mm_CalcestruzzoArmato,707699,-,-,1
1,9nnn_J.002_028_PE_ST_M3_02_00,Muro di base:ST_MUR_POR_300mm_CalcestruzzoArmato,707895,-,-,1
1,9nnn_J.002_028_PE_ST_M3_02_00,Muro di base:ST_MUR_POR_300mm_CalcestruzzoArmato,707932,-,-,1
1,9nnn_J.002_028_PE_ST_M3_02_00,Muro di base:ST_MUR_POR_300mm_CalcestruzzoArmato,708832,-,-,1
1,9nnn_J.002_028_PE_ST_M3_02_00,Muro di base:ST_MUR_POR_300mm_CalcestruzzoArmato,708833,-,-,1
1,9nnn_J.002_028_PE_ST_M3_02_00,Muro di base:ST_MUR_POR_300mm_CalcestruzzoArmato,708834,-,-,1
1,9nnn_J.002_028_PE_ST_M3_02_00,Muro di base:ST_MUR_POR_300mm_CalcestruzzoArmato,708835,-,-,1
1,9nnn_J.002_028_PE_ST_M3_02_00,Muro di base:ST_MUR_POR_300mm_CalcestruzzoArmato,708998,-,-,1
1,9nnn_J.002_028_PE_ST_M3_02_00,Muro di base:ST_MUR_POR_300mm_CalcestruzzoArmato,709088,-,-,1
1,9nnn_J.002_028_PE_ST_M3_02_00,Muro di base:ST_MUR_POR_300mm_CalcestruzzoArmato,710287,-,-,1
1,9nnn_J.002_028_PE_ST_M3_02_00,Muro di base:ST_MUR_POR_300mm_CalcestruzzoArmato,710289,-,-,1
1,9nnn_J.002_028_PE_ST_M3_02_00,Muro di base:ST_MUR_POR_300mm_CalcestruzzoArmato,710290,-,-,1
1,9nnn_J.002_028_PE_ST_M3_02_00,Muro di base:ST_MUR_POR_300mm_CalcestruzzoArmato,710291,-,-,1
1,9nnn_J.002_028_PE_ST_M3_02_00,Muro di base:ST_MUR_POR_300mm_CalcestruzzoArmato,710292,-,-,1
1,9nnn_J.002_028_PE_ST_M3_02_00,Muro di base:ST_MUR_POR_300mm_CalcestruzzoArmato,719643,-,-,1
1,9nnn_J.002_028_PE_ST_M3_02_00,Muro di base:ST_MUR_POR_300mm_CalcestruzzoArmato,722652,-,-,1
1,9nnn_J.002_028_PE_ST_M3_02_00,Muro di base:ST_MUR_POR_300mm_CalcestruzzoArmato,722690,-,-,1
1,9nnn_J.002_028_PE_ST_M3_02_00,Muro di base:ST_MUR_POR_300mm_CalcestruzzoArmato,722729,-,-,1
1,9nnn_J.002_028_PE_ST_M3_02_00,Muro di base:ST_MUR_POR_300mm_CalcestruzzoArmato,731604,-,-,1
1,9nnn_J.002_028_PE_ST_M3_02_00,Muro di base:ST_MUR_POR_300mm_CalcestruzzoArmato,731710,-,-,1
1,9nnn_J.002_028_PE_ST_M3_02_00,Muro di base:ST_MUR_POR_300mm_CalcestruzzoArmato,732026,-,-,1
1,9nnn_J.002_028_PE_ST_M3_02_00,Muro di base:ST_MUR_POR_300mm_CalcestruzzoArmato,732043,-,-,1
1,9nnn_J.002_028_PE_ST_M3_02_00,Muro di base:ST_MUR_POR_300mm_CalcestruzzoArmato,732730,-,-,1
1,9nnn_J.002_028_PE_ST_M3_02_00,Muro di base:ST_MUR_POR_300mm_CalcestruzzoArmato,732785,-,-,1
1,9nnn_J.002_028_PE_ST_M3_02_00,Muro di base:ST_MUR_POR_300mm_CalcestruzzoArmato,732947,-,-,1
1,9nnn_J.002_028_PE_ST_M3_02_00,Muro di base:ST_MUR_POR_300mm_CalcestruzzoArmato,733176,-,-,1
1,9nnn_J.002_028_PE_ST_M3_02_00,Muro di base:ST_MUR_POR_300mm_CalcestruzzoArmato,733214,-,-,1
1,9nnn_J.002_028_PE_ST_M3_02_00,Muro di base:ST_MUR_POR_300mm_CalcestruzzoArmato,744198,-,-,1
1,9nnn_J.002_028_PE_ST_M3_02_00,Muro di base:ST_MUR_POR_300mm_CalcestruzzoArmato,749387,-,-,1
1,9nnn_J.002_028_PE_ST_M3_02_00,Muro di base:ST_MUR_POR_300mm_CalcestruzzoArmato,749388,-,-,1
1,9nnn_J.002_028_PE_ST_M3_02_00,Muro di base:ST_MUR_POR_300mm_CalcestruzzoArmato,749389,-,-,1
1,9nnn_J.002_028_PE_ST_M3_02_00,Muro di base:ST_MUR_POR_300mm_CalcestruzzoArmato,749390,-,-,1
1,9nnn_J.002_028_PE_ST_M3_02_00,Muro di base:ST_MUR_POR_300mm_CalcestruzzoArmato,749391,-,-,1
1,9nnn_J.002_028_PE_ST_M3_02_00,Muro di base:ST_MUR_POR_300mm_CalcestruzzoArmato,749394,-,-,1
1,9nnn_J.002_028_PE_ST_M3_02_00,Muro di base:ST_MUR_POR_300mm_CalcestruzzoArmato,749395,-,-,1
1,9nnn_J.002_028_PE_ST_M3_02_00,Muro di base:ST_MUR_POR_300mm_CalcestruzzoArmato,749396,-,-,1
1,9nnn_J.002_028_PE_ST_M3_02_00,Muro di base:ST_MUR_POR_300mm_CalcestruzzoArmato,749397,-,-,1
1,9nnn_J.002_028_PE_ST_M3_02_00,Muro di base:ST_MUR_POR_300mm_CalcestruzzoArmato,749518,-,-,1
1,9nnn_J.002_028_PE_ST_M3_02_00,Muro di base:ST_MUR_POR_300mm_CalcestruzzoArmato,749519,-,-,1
1,9nnn_J.002_028_PE_ST_M3_02_00,Muro di base:ST_MUR_POR_300mm_CalcestruzzoArmato,749520,-,-,1
1,9nnn_J.002_028_PE_ST_M3_02_00,Muro di base:ST_MUR_POR_300mm_CalcestruzzoArmato,749521,-,-,1
1,9nnn_J.002_028_PE_ST_M3_02_00,Muro di base:ST_MUR_POR_300mm_CalcestruzzoArmato,749522,-,-,1
1,9nnn_J.002_028_PE_ST_M3_02_00,Muro di base:ST_MUR_POR_300mm_CalcestruzzoArmato,749524,-,-,1
1,9nnn_J.002_028_PE_ST_M3_02_00,Muro di base:ST_MUR_POR_300mm_CalcestruzzoArmato,749525,-,-,1
1,9nnn_J.002_028_PE_ST_M3_02_00,Muro di base:ST_MUR_POR_300mm_CalcestruzzoArmato,749526,-,-,1
1,9nnn_J.002_028_PE_ST_M3_02_00,Muro di base:ST_MUR_POR_300mm_CalcestruzzoArmato,749527,-,-,1
1,9nnn_J.002_028_PE_ST_M3_02_00,Muro di base:ST_MUR_POR_300mm_CalcestruzzoArmato,753480,-,-,1
1,9nnn_J.002_028_PE_ST_M3_02_00,Muro di base:ST_MUR_POR_300mm_CalcestruzzoArmato,753481,-,-,1
1,9nnn_J.002_028_PE_ST_M3_02_00,Muro di base:ST_MUR_POR_300mm_CalcestruzzoArmato,753482,-,-,1
1,9nnn_J.002_028_PE_ST_M3_02_00,Muro di base:ST_MUR_POR_300mm_CalcestruzzoArmato,753483,-,-,1
1,9nnn_J.002_028_PE_ST_M3_02_00,Muro di base:ST_MUR_POR_300mm_CalcestruzzoArmato,804501,-,-,1
1,9nnn_J.002_028_PE_ST_M3_02_00,Muro di base:ST_MUR_POR_300mm_CalcestruzzoArmato,810425,-,-,1
1,9nnn_J.002_028_PE_ST_M3_02_00,Muro di base:ST_MUR_POR_300mm_CalcestruzzoArmato,811428,-,-,1
1,9nnn_J.002_028_PE_ST_M3_02_00,Muro di base:ST_MUR_POR_300mm_CalcestruzzoArmato,825169,-,-,1
1,9nnn_J.002_028_PE_ST_M3_02_00,Muro di base:ST_MUR_POR_300mm_CalcestruzzoArmato,825441,-,-,1
1,9nnn_J.002_028_PE_ST_M3_02_00,Muro di base:ST_MUR_POR_300mm_CalcestruzzoArmato,832356,-,-,1
1,9nnn_J.002_028_PE_ST_M3_02_00,Muro di base:ST_MUR_POR_300mm_CalcestruzzoArmato,832511,-,-,1
1,9nnn_J.002_028_PE_ST_M3_02_00,Muro di base:ST_MUR_POR_300mm_CalcestruzzoArmato,836215,-,-,1
1,9nnn_J.002_028_PE_ST_M3_02_00,Muro di base:ST_MUR_POR_300mm_CalcestruzzoArmato,836256,-,-,1
1,9nnn_J.002_028_PE_ST_M3_02_00,Muro di base:ST_MUR_POR_300mm_CalcestruzzoArmato,846192,-,-,1
1,9nnn_J.002_028_PE_ST_M3_02_00,Muro di base:ST_MUR_POR_300mm_CalcestruzzoArmato,846201,-,-,1
1,9nnn_J.002_028_PE_ST_M3_02_00,Muro di base:ST_MUR_POR_300mm_CalcestruzzoArmato,846202,-,-,1
1,9nnn_J.002_028_PE_ST_M3_02_00,Muro di base:ST_MUR_POR_300mm_CalcestruzzoArmato,846203,-,-,1
1,9nnn_J.002_028_PE_ST_M3_02_00,Muro di base:ST_MUR_POR_300mm_CalcestruzzoArmato,846415,-,-,1
1,9nnn_J.002_028_PE_ST_M3_02_00,Muro di base:ST_MUR_POR_300mm_CalcestruzzoArmato,857804,-,-,1
1,9nnn_J.002_028_PE_ST_M3_02_00,nan,819571,ST_LIV_PE_P00_-0.48m,-,1
1,9nnn_J.002_028_PE_ST_M3_02_00,nan,819572,ST_LIV_PE_P00_-0.48m,-,1
1,9nnn_J.002_028_PE_ST_M3_02_00,nan,819573,ST_LIV_PE_P00_-0.48m,-,1
1,9nnn_J.002_028_PE_ST_M3_02_00,nan,819574,ST_LIV_PE_P00_-0.48m,-,1
1,9nnn_J.002_028_PE_ST_M3_02_00,nan,819575,ST_LIV_PE_P00_-0.48m,-,1
1,9nnn_J.002_028_PE_ST_M3_02_00,nan,819576,ST_LIV_PE_P00_-0.48m,-,1
1,9nnn_J.002_028_PE_ST_M3_02_00,nan,819577,ST_LIV_PE_P00_-0.48m,-,1
1,9nnn_J.002_028_PE_ST_M3_02_00,nan,819578,ST_LIV_PE_P00_-0.48m,-,1
1,9nnn_J.002_028_PE_ST_M3_02_00,nan,819579,ST_LIV_PE_P00_-0.48m,-,1
1,9nnn_J.002_028_PE_ST_M3_02_00,nan,819580,ST_LIV_PE_P00_-0.48m,-,1
1,9nnn_J.002_028_PE_ST_M3_02_00,nan,819581,ST_LIV_PE_P00_-0.48m,-,1
1,9nnn_J.002_028_PE_ST_M3_02_00,nan,819582,ST_LIV_PE_P00_-0.48m,-,1
1,9nnn_J.002_028_PE_ST_M3_02_00,nan,819583,ST_LIV_PE_P00_-0.48m,-,1
1,9nnn_J.002_028_PE_ST_M3_02_00,nan,819584,ST_LIV_PE_P00_-0.48m,-,1
1,9nnn_J.002_028_PE_ST_M3_02_00,nan,819585,ST_LIV_PE_P00_-0.48m,-,1
1,9nnn_J.002_028_PE_ST_M3_02_00,nan,819586,ST_LIV_PE_P00_-0.48m,-,1
1,9nnn_J.002_028_PE_ST_M3_02_00,nan,819587,ST_LIV_PE_P00_-0.48m,-,1
1,9nnn_J.002_028_PE_ST_M3_02_00,nan,819588,ST_LIV_PE_P00_-0.48m,-,1
1,9nnn_J.002_028_PE_ST_M3_02_00,nan,819589,ST_LIV_PE_P00_-0.48m,-,1
1,9nnn_J.002_028_PE_ST_M3_02_00,nan,819590,ST_LIV_PE_P00_-0.48m,-,1
1,9nnn_J.002_028_PE_ST_M3_02_00,nan,819591,ST_LIV_PE_P00_-0.48m,-,1
1,9nnn_J.002_028_PE_ST_M3_02_00,nan,819592,ST_LIV_PE_P00_-0.48m,-,1
1,9nnn_J.002_028_PE_ST_M3_02_00,nan,819593,ST_LIV_PE_P00_-0.48m,-,1
1,9nnn_J.002_028_PE_ST_M3_02_00,nan,819594,ST_LIV_PE_P00_-0.48m,-,1
1,9nnn_J.002_028_PE_ST_M3_02_00,nan,819595,ST_LIV_PE_P00_-0.48m,-,1
1,9nnn_J.002_028_PE_ST_M3_02_00,nan,819596,ST_LIV_PE_P00_-0.48m,-,1
1,9nnn_J.002_028_PE_ST_M3_02_00,nan,819597,ST_LIV_PE_P00_-0.48m,-,1
1,9nnn_J.002_028_PE_ST_M3_02_00,nan,819598,ST_LIV_PE_P00_-0.48m,-,1
1,9nnn_J.002_028_PE_ST_M3_02_00,nan,819599,ST_LIV_PE_P00_-0.48m,-,1
1,9nnn_J.002_028_PE_ST_M3_02_00,nan,819600,ST_LIV_PE_P00_-0.48m,-,1
1,9nnn_J.002_028_PE_ST_M3_02_00,nan,819601,ST_LIV_PE_P00_-0.48m,-,1
1,9nnn_J.002_028_PE_ST_M3_02_00,nan,819602,ST_LIV_PE_P00_-0.48m,-,1
1,9nnn_J.002_028_PE_ST_M3_02_00,nan,819603,ST_LIV_PE_P00_-0.48m,-,1
1,9nnn_J.002_028_PE_ST_M3_02_00,nan,819604,ST_LIV_PE_P00_-0.48m,-,1
1,9nnn_J.002_028_PE_ST_M3_02_00,nan,819605,ST_LIV_PE_P00_-0.48m,-,1
1,9nnn_J.002_028_PE_ST_M3_02_00,nan,819606,ST_LIV_PE_P00_-0.48m,-,1
1,9nnn_J.002_028_PE_ST_M3_02_00,nan,819607,ST_LIV_PE_P00_-0.48m,-,1
1,9nnn_J.002_028_PE_ST_M3_02_00,nan,819608,ST_LIV_PE_P00_-0.48m,-,1
1,9nnn_J.002_028_PE_ST_M3_02_00,nan,819609,ST_LIV_PE_P00_-0.48m,-,1
1,9nnn_J.002_028_PE_ST_M3_02_00,nan,819610,ST_LIV_PE_P00_-0.48m,-,1
1,9nnn_J.002_028_PE_ST_M3_02_00,nan,819611,ST_LIV_PE_P00_-0.48m,-,1
1,9nnn_J.002_028_PE_ST_M3_02_00,nan,819612,ST_LIV_PE_P00_-0.48m,-,1
1,9nnn_J.002_028_PE_ST_M3_02_00,nan,819613,ST_LIV_PE_P00_-0.48m,-,1
1,9nnn_J.002_028_PE_ST_M3_02_00,nan,819614,ST_LIV_PE_P00_-0.48m,-,1
1,9nnn_J.002_028_PE_ST_M3_02_00,nan,819615,ST_LIV_PE_P00_-0.48m,-,1
1,9nnn_J.002_028_PE_ST_M3_02_00,nan,824792,ST_LIV_PE_P00_-0.48m,-,1
1,9nnn_J.002_028_PE_ST_M3_02_00,nan,824793,ST_LIV_PE_P00_-0.48m,-,1
1,9nnn_J.002_028_PE_ST_M3_02_00,nan,824794,ST_LIV_PE_P00_-0.48m,-,1
1,9nnn_J.002_028_PE_ST_M3_02_00,nan,824795,ST_LIV_PE_P00_-0.48m,-,1
1,9nnn_J.002_028_PE_ST_M3_02_00,nan,824796,ST_LIV_PE_P00_-0.48m,-,1
1,9nnn_J.002_028_PE_ST_M3_02_00,nan,824797,ST_LIV_PE_P00_-0.48m,-,1
1,9nnn_J.002_028_PE_ST_M3_02_00,nan,824798,ST_LIV_PE_P00_-0.48m,-,1
1,9nnn_J.002_028_PE_ST_M3_02_00,nan,824799,ST_LIV_PE_P00_-0.48m,-,1
1,9nnn_J.002_028_PE_ST_M3_02_00,nan,824800,ST_LIV_PE_P00_-0.48m,-,1
1,9nnn_J.002_028_PE_ST_M3_02_00,nan,824801,ST_LIV_PE_P00_-0.48m,-,1
1,9nnn_J.002_028_PE_ST_M3_02_00,nan,824802,ST_LIV_PE_P00_-0.48m,-,1
1,9nnn_J.002_028_PE_ST_M3_02_00,nan,824803,ST_LIV_PE_P00_-0.48m,-,1
1,9nnn_J.002_028_PE_ST_M3_02_00,nan,824804,ST_LIV_PE_P00_-0.48m,-,1
1,9nnn_J.002_028_PE_ST_M3_02_00,nan,824805,ST_LIV_PE_P00_-0.48m,-,1
1,9nnn_J.002_028_PE_ST_M3_02_00,nan,824806,ST_LIV_PE_P00_-0.48m,-,1
1,9nnn_J.002_028_PE_ST_M3_02_00,nan,824807,ST_LIV_PE_P00_-0.48m,-,1
1,9nnn_J.002_028_PE_ST_M3_02_00,nan,824808,ST_LIV_PE_P00_-0.48m,-,1
1,9nnn_J.002_028_PE_ST_M3_02_00,nan,824809,ST_LIV_PE_P00_-0.48m,-,1
1,9nnn_J.002_028_PE_ST_M3_02_00,nan,824810,ST_LIV_PE_P00_-0.48m,-,1
1,9nnn_J.002_028_PE_ST_M3_02_00,nan,824811,ST_LIV_PE_P00_-0.48m,-,1
1,9nnn_J.002_028_PE_ST_M3_02_00,nan,824812,ST_LIV_PE_P00_-0.48m,-,1
1,9nnn_J.002_028_PE_ST_M3_02_00,nan,824813,ST_LIV_PE_P00_-0.48m,-,1
1,9nnn_J.002_028_PE_ST_M3_02_00,nan,824814,ST_LIV_PE_P00_-0.48m,-,1
1,9nnn_J.002_028_PE_ST_M3_02_00,nan,824815,ST_LIV_PE_P00_-0.48m,-,1
1,9nnn_J.002_028_PE_ST_M3_02_00,nan,824816,ST_LIV_PE_P00_-0.48m,-,1
1,9nnn_J.002_028_PE_ST_M3_02_00,nan,824817,ST_LIV_PE_P00_-0.48m,-,1
1,9nnn_J.002_028_PE_ST_M3_02_00,nan,824818,ST_LIV_PE_P00_-0.48m,-,1
1,9nnn_J.002_028_PE_ST_M3_02_00,nan,824819,ST_LIV_PE_P00_-0.48m,-,1
1,9nnn_J.002_028_PE_ST_M3_02_00,nan,825287,ST_LIV_PE_P00_-0.48m,-,1
1,9nnn_J.002_028_PE_ST_M3_02_00,nan,825288,ST_LIV_PE_P00_-0.48m,-,1
1,9nnn_J.002_028_PE_ST_M3_02_00,nan,825289,ST_LIV_PE_P00_-0.48m,-,1
1,9nnn_J.002_028_PE_ST_M3_02_00,nan,825290,ST_LIV_PE_P00_-0.48m,-,1
1,9nnn_J.002_028_PE_ST_M3_02_00,nan,825291,ST_LIV_PE_P00_-0.48m,-,1
1,9nnn_J.002_028_PE_ST_M3_02_00,nan,825292,ST_LIV_PE_P00_-0.48m,-,1
1,9nnn_J.002_028_PE_ST_M3_02_00,nan,825293,ST_LIV_PE_P00_-0.48m,-,1
1,9nnn_J.002_028_PE_ST_M3_02_00,nan,825294,ST_LIV_PE_P00_-0.48m,-,1
1,9nnn_J.002_028_PE_ST_M3_02_00,nan,825295,ST_LIV_PE_P00_-0.48m,-,1
1,9nnn_J.002_028_PE_ST_M3_02_00,nan,825296,ST_LIV_PE_P00_-0.48m,-,1
1,9nnn_J.002_028_PE_ST_M3_02_00,nan,825297,ST_LIV_PE_P00_-0.48m,-,1
1,9nnn_J.002_028_PE_ST_M3_02_00,nan,825298,ST_LIV_PE_P00_-0.48m,-,1
1,9nnn_J.002_028_PE_ST_M3_02_00,nan,825299,ST_LIV_PE_P00_-0.48m,-,1
1,9nnn_J.002_028_PE_ST_M3_02_00,nan,825300,ST_LIV_PE_P00_-0.48m,-,1
1,9nnn_J.002_028_PE_ST_M3_02_00,nan,825301,ST_LIV_PE_P00_-0.48m,-,1
1,9nnn_J.002_028_PE_ST_M3_02_00,nan,825302,ST_LIV_PE_P00_-0.48m,-,1
1,9nnn_J.002_028_PE_ST_M3_02_00,nan,825303,ST_LIV_PE_P00_-0.48m,-,1
1,9nnn_J.002_028_PE_ST_M3_02_00,nan,825304,ST_LIV_PE_P00_-0.48m,-,1
1,9nnn_J.002_028_PE_ST_M3_02_00,nan,825305,ST_LIV_PE_P00_-0.48m,-,1
1,9nnn_J.002_028_PE_ST_M3_02_00,nan,825306,ST_LIV_PE_P00_-0.48m,-,1
1,9nnn_J.002_028_PE_ST_M3_02_00,nan,825307,ST_LIV_PE_P00_-0.48m,-,1
1,9nnn_J.002_028_PE_ST_M3_02_00,nan,825308,ST_LIV_PE_P00_-0.48m,-,1
1,9nnn_J.002_028_PE_ST_M3_02_00,nan,825309,ST_LIV_PE_P00_-0.48m,-,1
1,9nnn_J.002_028_PE_ST_M3_02_00,nan,825310,ST_LIV_PE_P00_-0.48m,-,1
1,9nnn_J.002_028_PE_ST_M3_02_00,nan,825311,ST_LIV_PE_P00_-0.48m,-,1
1,9nnn_J.002_028_PE_ST_M3_02_00,nan,825312,ST_LIV_PE_P00_-0.48m,-,1
1,9nnn_J.002_028_PE_ST_M3_02_00,nan,825313,ST_LIV_PE_P00_-0.48m,-,1
1,9nnn_J.002_028_PE_ST_M3_02_00,nan,825314,ST_LIV_PE_P00_-0.48m,-,1
1,9nnn_J.002_028_PE_ST_M3_02_00,nan,829898,ST_LIV_PE_P00_-0.48m,-,1
1,9nnn_J.002_028_PE_ST_M3_02_00,nan,829899,ST_LIV_PE_P00_-0.48m,-,1
1,9nnn_J.002_028_PE_ST_M3_02_00,nan,829900,ST_LIV_PE_P00_-0.48m,-,1
1,9nnn_J.002_028_PE_ST_M3_02_00,nan,829901,ST_LIV_PE_P00_-0.48m,-,1
1,9nnn_J.002_028_PE_ST_M3_02_00,nan,832082,ST_LIV_PE_P00_-0.48m,-,1
1,9nnn_J.002_028_PE_ST_M3_02_00,nan,832083,ST_LIV_PE_P00_-0.48m,-,1
1,9nnn_J.002_028_PE_ST_M3_02_00,nan,832084,ST_LIV_PE_P00_-0.48m,-,1
1,9nnn_J.002_028_PE_ST_M3_02_00,nan,832085,ST_LIV_PE_P00_-0.48m,-,1
1,9nnn_J.002_028_PE_ST_M3_02_00,nan,832086,ST_LIV_PE_P00_-0.48m,-,1
1,9nnn_J.002_028_PE_ST_M3_02_00,nan,832087,ST_LIV_PE_P00_-0.48m,-,1
1,9nnn_J.002_028_PE_ST_M3_02_00,nan,832088,ST_LIV_PE_P00_-0.48m,-,1
1,9nnn_J.002_028_PE_ST_M3_02_00,nan,832089,ST_LIV_PE_P00_-0.48m,-,1
1,9nnn_J.002_028_PE_ST_M3_02_00,nan,832090,ST_LIV_PE_P00_-0.48m,-,1
1,9nnn_J.002_028_PE_ST_M3_02_00,nan,832091,ST_LIV_PE_P00_-0.48m,-,1
1,9nnn_J.002_028_PE_ST_M3_02_00,nan,832092,ST_LIV_PE_P00_-0.48m,-,1
1,9nnn_J.002_028_PE_ST_M3_02_00,nan,832093,ST_LIV_PE_P00_-0.48m,-,1
1,9nnn_J.002_028_PE_ST_M3_02_00,nan,832094,ST_LIV_PE_P00_-0.48m,-,1
1,9nnn_J.002_028_PE_ST_M3_02_00,nan,832095,ST_LIV_PE_P00_-0.48m,-,1
1,9nnn_J.002_028_PE_ST_M3_02_00,nan,832096,ST_LIV_PE_P00_-0.48m,-,1
1,9nnn_J.002_028_PE_ST_M3_02_00,nan,832097,ST_LIV_PE_P00_-0.48m,-,1
1,9nnn_J.002_028_PE_ST_M3_02_00,nan,832098,ST_LIV_PE_P00_-0.48m,-,1
1,9nnn_J.002_028_PE_ST_M3_02_00,nan,832099,ST_LIV_PE_P00_-0.48m,-,1
1,9nnn_J.002_028_PE_ST_M3_02_00,nan,832100,ST_LIV_PE_P00_-0.48m,-,1
1,9nnn_J.002_028_PE_ST_M3_02_00,nan,832101,ST_LIV_PE_P00_-0.48m,-,1
1,9nnn_J.002_028_PE_ST_M3_02_00,nan,832102,ST_LIV_PE_P00_-0.48m,-,1
1,9nnn_J.002_028_PE_ST_M3_02_00,nan,832103,ST_LIV_PE_P00_-0.48m,-,1
1,9nnn_J.002_028_PE_ST_M3_02_00,nan,832104,ST_LIV_PE_P00_-0.48m,-,1
1,9nnn_J.002_028_PE_ST_M3_02_00,nan,832105,ST_LIV_PE_P00_-0.48m,-,1
1,9nnn_J.002_028_PE_ST_M3_02_00,nan,832106,ST_LIV_PE_P00_-0.48m,-,1
1,9nnn_J.002_028_PE_ST_M3_02_00,nan,832107,ST_LIV_PE_P00_-0.48m,-,1
1,9nnn_J.002_028_PE_ST_M3_02_00,nan,832108,ST_LIV_PE_P00_-0.48m,-,1
1,9nnn_J.002_028_PE_ST_M3_02_00,nan,832109,ST_LIV_PE_P00_-0.48m,-,1
1,9nnn_J.002_028_PE_ST_M3_02_00,nan,832110,ST_LIV_PE_P00_-0.48m,-,1
1,9nnn_J.002_028_PE_ST_M3_02_00,nan,832111,ST_LIV_PE_P00_-0.48m,-,1
1,9nnn_J.002_028_PE_ST_M3_02_00,nan,832112,ST_LIV_PE_P00_-0.48m,-,1
1,9nnn_J.002_028_PE_ST_M3_02_00,nan,832113,ST_LIV_PE_P00_-0.48m,-,1
1,9nnn_J.002_028_PE_ST_M3_02_00,nan,832114,ST_LIV_PE_P00_-0.48m,-,1
1,9nnn_J.002_028_PE_ST_M3_02_00,nan,832115,ST_LIV_PE_P00_-0.48m,-,1
1,9nnn_J.002_028_PE_ST_M3_02_00,nan,832116,ST_LIV_PE_P00_-0.48m,-,1
1,9nnn_J.002_028_PE_ST_M3_02_00,nan,832117,ST_LIV_PE_P00_-0.48m,-,1
1,9nnn_J.002_028_PE_ST_M3_02_00,nan,832118,ST_LIV_PE_P00_-0.48m,-,1
1,9nnn_J.002_028_PE_ST_M3_02_00,nan,832119,ST_LIV_PE_P00_-0.48m,-,1
1,9nnn_J.002_028_PE_ST_M3_02_00,nan,832120,ST_LIV_PE_P00_-0.48m,-,1
1,9nnn_J.002_028_PE_ST_M3_02_00,nan,832121,ST_LIV_PE_P00_-0.48m,-,1
1,9nnn_J.002_028_PE_ST_M3_02_00,nan,832122,ST_LIV_PE_P00_-0.48m,-,1
1,9nnn_J.002_028_PE_ST_M3_02_00,nan,832123,ST_LIV_PE_P00_-0.48m,-,1
1,9nnn_J.002_028_PE_ST_M3_02_00,nan,832124,ST_LIV_PE_P00_-0.48m,-,1
1,9nnn_J.002_028_PE_ST_M3_02_00,nan,832125,ST_LIV_PE_P00_-0.48m,-,1
1,9nnn_J.002_028_PE_ST_M3_02_00,nan,834143,ST_LIV_PE_P00_-0.48m,-,1
1,9nnn_J.002_028_PE_ST_M3_02_00,nan,834144,ST_LIV_PE_P00_-0.48m,-,1
1,9nnn_J.002_028_PE_ST_M3_02_00,nan,834145,ST_LIV_PE_P00_-0.48m,-,1
1,9nnn_J.002_028_PE_ST_M3_02_00,nan,834146,ST_LIV_PE_P00_-0.48m,-,1
1,9nnn_J.002_028_PE_ST_M3_02_00,nan,834147,ST_LIV_PE_P00_-0.48m,-,1
1,9nnn_J.002_028_PE_ST_M3_02_00,nan,834148,ST_LIV_PE_P00_-0.48m,-,1
1,9nnn_J.002_028_PE_ST_M3_02_00,nan,834161,ST_LIV_PE_P00_-0.48m,-,1
1,9nnn_J.002_028_PE_ST_M3_02_00,nan,834162,ST_LIV_PE_P00_-0.48m,-,1
1,9nnn_J.002_028_PE_ST_M3_02_00,nan,834163,ST_LIV_PE_P00_-0.48m,-,1
1,9nnn_J.002_028_PE_ST_M3_02_00,nan,834164,ST_LIV_PE_P00_-0.48m,-,1
1,9nnn_J.002_028_PE_ST_M3_02_00,nan,834165,ST_LIV_PE_P00_-0.48m,-,1
1,9nnn_J.002_028_PE_ST_M3_02_00,nan,834166,ST_LIV_PE_P00_-0.48m,-,1
1,9nnn_J.002_028_PE_ST_M3_02_00,nan,834167,ST_LIV_PE_P00_-0.48m,-,1
1,9nnn_J.002_028_PE_ST_M3_02_00,nan,834168,ST_LIV_PE_P00_-0.48m,-,1
1,9nnn_J.002_028_PE_ST_M3_02_00,nan,834169,ST_LIV_PE_P00_-0.48m,-,1
1,9nnn_J.002_028_PE_ST_M3_02_00,nan,834170,ST_LIV_PE_P00_-0.48m,-,1
1,9nnn_J.002_028_PE_ST_M3_02_00,nan,834171,ST_LIV_PE_P00_-0.48m,-,1
1,9nnn_J.002_028_PE_ST_M3_02_00,nan,834172,ST_LIV_PE_P00_-0.48m,-,1
1,9nnn_J.002_028_PE_ST_M3_02_00,nan,834173,ST_LIV_PE_P00_-0.48m,-,1
1,9nnn_J.002_028_PE_ST_M3_02_00,nan,834174,ST_LIV_PE_P00_-0.48m,-,1
1,9nnn_J.002_028_PE_ST_M3_02_00,nan,834175,ST_LIV_PE_P00_-0.48m,-,1
1,9nnn_J.002_028_PE_ST_M3_02_00,nan,834176,ST_LIV_PE_P00_-0.48m,-,1
1,9nnn_J.002_028_PE_ST_M3_02_00,nan,834177,ST_LIV_PE_P00_-0.48m,-,1
1,9nnn_J.002_028_PE_ST_M3_02_00,nan,834178,ST_LIV_PE_P00_-0.48m,-,1
1,9nnn_J.002_028_PE_ST_M3_02_00,nan,834179,ST_LIV_PE_P00_-0.48m,-,1
1,9nnn_J.002_028_PE_ST_M3_02_00,nan,834180,ST_LIV_PE_P00_-0.48m,-,1
1,9nnn_J.002_028_PE_ST_M3_02_00,nan,834181,ST_LIV_PE_P00_-0.48m,-,1
1,9nnn_J.002_028_PE_ST_M3_02_00,nan,834182,ST_LIV_PE_P00_-0.48m,-,1
1,9nnn_J.002_028_PE_ST_M3_02_00,nan,834183,ST_LIV_PE_P00_-0.48m,-,1
1,9nnn_J.002_028_PE_ST_M3_02_00,nan,834184,ST_LIV_PE_P00_-0.48m,-,1
1,9nnn_J.002_028_PE_ST_M3_02_00,nan,834185,ST_LIV_PE_P00_-0.48m,-,1
1,9nnn_J.002_028_PE_ST_M3_02_00,nan,834186,ST_LIV_PE_P00_-0.48m,-,1
1,9nnn_J.002_028_PE_ST_M3_02_00,nan,834187,ST_LIV_PE_P00_-0.48m,-,1
1,9nnn_J.002_028_PE_ST_M3_02_00,nan,834188,ST_LIV_PE_P00_-0.48m,-,1
1,9nnn_J.002_028_PE_ST_M3_02_00,nan,834189,ST_LIV_PE_P00_-0.48m,-,1
1,9nnn_J.002_028_PE_ST_M3_02_00,nan,834190,ST_LIV_PE_P00_-0.48m,-,1
1,9nnn_J.002_028_PE_ST_M3_02_00,nan,843631,ST_LIV_PE_P00_-0.48m,-,1
1,9nnn_J.002_028_PE_ST_M3_02_00,nan,843632,ST_LIV_PE_P00_-0.48m,-,1
1,9nnn_J.002_028_PE_ST_M3_02_00,nan,843633,ST_LIV_PE_P00_-0.48m,-,1
1,9nnn_J.002_028_PE_ST_M3_02_00,nan,843634,ST_LIV_PE_P00_-0.48m,-,1
1,9nnn_J.002_028_PE_ST_M3_02_00,nan,843636,ST_LIV_PE_P00_-0.48m,-,1
1,9nnn_J.002_028_PE_ST_M3_02_00,nan,843637,ST_LIV_PE_P00_-0.48m,-,1
1,9nnn_J.002_028_PE_ST_M3_02_00,nan,843638,ST_LIV_PE_P00_-0.48m,-,1
1,9nnn_J.002_028_PE_ST_M3_02_00,nan,843639,ST_LIV_PE_P00_-0.48m,-,1
1,9nnn_J.002_028_PE_ST_M3_02_00,nan,843640,ST_LIV_PE_P00_-0.48m,-,1
1,9nnn_J.002_028_PE_ST_M3_02_00,nan,843641,ST_LIV_PE_P00_-0.48m,-,1
1,9nnn_J.002_028_PE_ST_M3_02_00,nan,843642,ST_LIV_PE_P00_-0.48m,-,1
1,9nnn_J.002_028_PE_ST_M3_02_00,nan,843643,ST_LIV_PE_P00_-0.48m,-,1
1,9nnn_J.002_028_PE_ST_M3_02_00,nan,843644,ST_LIV_PE_P00_-0.48m,-,1
1,9nnn_J.002_028_PE_ST_M3_02_00,nan,843645,ST_LIV_PE_P00_-0.48m,-,1
1,9nnn_J.002_028_PE_ST_M3_02_00,nan,843646,ST_LIV_PE_P00_-0.48m,-,1
1,9nnn_J.002_028_PE_ST_M3_02_00,nan,843647,ST_LIV_PE_P00_-0.48m,-,1
1,9nnn_J.002_028_PE_ST_M3_02_00,nan,843648,ST_LIV_PE_P00_-0.48m,-,1
1,9nnn_J.002_028_PE_ST_M3_02_00,nan,843649,ST_LIV_PE_P00_-0.48m,-,1
1,9nnn_J.002_028_PE_ST_M3_02_00,nan,843650,ST_LIV_PE_P00_-0.48m,-,1
1,9nnn_J.002_028_PE_ST_M3_02_00,nan,843651,ST_LIV_PE_P00_-0.48m,-,1
1,9nnn_J.002_028_PE_ST_M3_02_00,nan,843652,ST_LIV_PE_P00_-0.48m,-,1
1,9nnn_J.002_028_PE_ST_M3_02_00,nan,843653,ST_LIV_PE_P00_-0.48m,-,1
1,9nnn_J.002_028_PE_ST_M3_02_00,nan,843654,ST_LIV_PE_P00_-0.48m,-,1
1,9nnn_J.002_028_PE_ST_M3_02_00,nan,843655,ST_LIV_PE_P00_-0.48m,-,1
1,9nnn_J.002_028_PE_ST_M3_02_00,nan,843656,ST_LIV_PE_P00_-0.48m,-,1
1,9nnn_J.002_028_PE_ST_M3_02_00,nan,843657,ST_LIV_PE_P00_-0.48m,-,1
1,9nnn_J.002_028_PE_ST_M3_02_00,nan,843658,ST_LIV_PE_P00_-0.48m,-,1
1,9nnn_J.002_028_PE_ST_M3_02_00,nan,843659,ST_LIV_PE_P00_-0.48m,-,1
1,9nnn_J.002_028_PE_ST_M3_02_00,nan,843660,ST_LIV_PE_P00_-0.48m,-,1
1,9nnn_J.002_028_PE_ST_M3_02_00,nan,843661,ST_LIV_PE_P00_-0.48m,-,1
1,9nnn_J.002_028_PE_ST_M3_02_00,nan,843662,ST_LIV_PE_P00_-0.48m,-,1
1,9nnn_J.002_028_PE_ST_M3_02_00,nan,843663,ST_LIV_PE_P00_-0.48m,-,1
1,9nnn_J.002_028_PE_ST_M3_02_00,nan,843664,ST_LIV_PE_P00_-0.48m,-,1
1,9nnn_J.002_028_PE_ST_M3_02_00,nan,843665,ST_LIV_PE_P00_-0.48m,-,1
1,9nnn_J.002_028_PE_ST_M3_02_00,nan,843666,ST_LIV_PE_P00_-0.48m,-,1
1,9nnn_J.002_028_PE_ST_M3_02_00,nan,843667,ST_LIV_PE_P00_-0.48m,-,1
1,9nnn_J.002_028_PE_ST_M3_02_00,nan,843668,ST_LIV_PE_P00_-0.48m,-,1
1,9nnn_J.002_028_PE_ST_M3_02_00,nan,843669,ST_LIV_PE_P00_-0.48m,-,1
1,9nnn_J.002_028_PE_ST_M3_02_00,nan,843670,ST_LIV_PE_P00_-0.48m,-,1
1,9nnn_J.002_028_PE_ST_M3_02_00,nan,843671,ST_LIV_PE_P00_-0.48m,-,1
1,9nnn_J.002_028_PE_ST_M3_02_00,nan,843672,ST_LIV_PE_P00_-0.48m,-,1
1,9nnn_J.002_028_PE_ST_M3_02_00,nan,843673,ST_LIV_PE_P00_-0.48m,-,1
1,9nnn_J.002_028_PE_ST_M3_02_00,nan,843674,ST_LIV_PE_P00_-0.48m,-,1
1,9nnn_J.002_028_PE_ST_M3_02_00,nan,843675,ST_LIV_PE_P00_-0.48m,-,1
1,9nnn_J.002_028_PE_ST_M3_02_00,nan,843676,ST_LIV_PE_P00_-0.48m,-,1
1,9nnn_J.002_028_PE_ST_M3_02_00,nan,843677,ST_LIV_PE_P00_-0.48m,-,1
1,9nnn_J.002_028_PE_ST_M3_02_00,nan,843678,ST_LIV_PE_P00_-0.48m,-,1
1,9nnn_J.002_028_PE_ST_M3_02_00,nan,843679,ST_LIV_PE_P00_-0.48m,-,1
1,9nnn_J.002_028_PE_ST_M3_02_00,nan,843680,ST_LIV_PE_P00_-0.48m,-,1
1,9nnn_J.002_028_PE_ST_M3_02_00,nan,843681,ST_LIV_PE_P00_-0.48m,-,1
1,9nnn_J.002_028_PE_ST_M3_02_00,nan,843682,ST_LIV_PE_P00_-0.48m,-,1
1,9nnn_J.002_028_PE_ST_M3_02_00,nan,843683,ST_LIV_PE_P00_-0.48m,-,1
1,9nnn_J.002_028_PE_ST_M3_02_00,nan,843684,ST_LIV_PE_P00_-0.48m,-,1
1,9nnn_J.002_028_PE_ST_M3_02_00,nan,843685,ST_LIV_PE_P00_-0.48m,-,1
1,9nnn_J.002_028_PE_ST_M3_02_00,nan,843686,ST_LIV_PE_P00_-0.48m,-,1
1,9nnn_J.002_028_PE_ST_M3_02_00,nan,843687,ST_LIV_PE_P00_-0.48m,-,1
1,9nnn_J.002_028_PE_ST_M3_02_00,nan,843688,ST_LIV_PE_P00_-0.48m,-,1
1,9nnn_J.002_028_PE_ST_M3_02_00,nan,843689,ST_LIV_PE_P00_-0.48m,-,1
1,9nnn_J.002_028_PE_ST_M3_02_00,nan,843690,ST_LIV_PE_P00_-0.48m,-,1
1,9nnn_J.002_028_PE_ST_M3_02_00,nan,843691,ST_LIV_PE_P00_-0.48m,-,1
1,9nnn_J.002_028_PE_ST_M3_02_00,nan,843692,ST_LIV_PE_P00_-0.48m,-,1
1,9nnn_J.002_028_PE_ST_M3_02_00,nan,843693,ST_LIV_PE_P00_-0.48m,-,1
1,9nnn_J.002_028_PE_ST_M3_02_00,nan,843694,ST_LIV_PE_P00_-0.48m,-,1
1,9nnn_J.002_028_PE_ST_M3_02_00,nan,843695,ST_LIV_PE_P00_-0.48m,-,1
1,9nnn_J.002_028_PE_ST_M3_02_00,nan,843696,ST_LIV_PE_P00_-0.48m,-,1
1,9nnn_J.002_028_PE_ST_M3_02_00,nan,843697,ST_LIV_PE_P00_-0.48m,-,1
1,9nnn_J.002_028_PE_ST_M3_02_00,nan,843698,ST_LIV_PE_P00_-0.48m,-,1
1,9nnn_J.002_028_PE_ST_M3_02_00,nan,843699,ST_LIV_PE_P00_-0.48m,-,1
1,9nnn_J.002_028_PE_ST_M3_02_00,nan,843700,ST_LIV_PE_P00_-0.48m,-,1
1,9nnn_J.002_028_PE_ST_M3_02_00,nan,843701,ST_LIV_PE_P00_-0.48m,-,1
1,9nnn_J.002_028_PE_ST_M3_02_00,nan,843702,ST_LIV_PE_P00_-0.48m,-,1
1,9nnn_J.002_028_PE_ST_M3_02_00,nan,843703,ST_LIV_PE_P00_-0.48m,-,1
1,9nnn_J.002_028_PE_ST_M3_02_00,nan,843704,ST_LIV_PE_P00_-0.48m,-,1
1,9nnn_J.002_028_PE_ST_M3_02_00,nan,843705,ST_LIV_PE_P00_-0.48m,-,1
1,9nnn_J.002_028_PE_ST_M3_02_00,nan,843706,ST_LIV_PE_P00_-0.48m,-,1
1,9nnn_J.002_028_PE_ST_M3_02_00,nan,843707,ST_LIV_PE_P00_-0.48m,-,1
1,9nnn_J.002_028_PE_ST_M3_02_00,nan,843708,ST_LIV_PE_P00_-0.48m,-,1
1,9nnn_J.002_028_PE_ST_M3_02_00,nan,843709,ST_LIV_PE_P00_-0.48m,-,1
1,9nnn_J.002_028_PE_ST_M3_02_00,nan,843710,ST_LIV_PE_P00_-0.48m,-,1
1,9nnn_J.002_028_PE_ST_M3_02_00,nan,843711,ST_LIV_PE_P00_-0.48m,-,1
1,9nnn_J.002_028_PE_ST_M3_02_00,nan,843712,ST_LIV_PE_P00_-0.48m,-,1
1,9nnn_J.002_028_PE_ST_M3_02_00,nan,843713,ST_LIV_PE_P00_-0.48m,-,1
1,9nnn_J.002_028_PE_ST_M3_02_00,nan,843714,ST_LIV_PE_P00_-0.48m,-,1
1,9nnn_J.002_028_PE_ST_M3_02_00,nan,843715,ST_LIV_PE_P00_-0.48m,-,1
1,9nnn_J.002_028_PE_ST_M3_02_00,nan,843716,ST_LIV_PE_P00_-0.48m,-,1
1,9nnn_J.002_028_PE_ST_M3_02_00,nan,843717,ST_LIV_PE_P00_-0.48m,-,1
1,9nnn_J.002_028_PE_ST_M3_02_00,nan,843718,ST_LIV_PE_P00_-0.48m,-,1
1,9nnn_J.002_028_PE_ST_M3_02_00,nan,843719,ST_LIV_PE_P00_-0.48m,-,1
1,9nnn_J.002_028_PE_ST_M3_02_00,nan,843720,ST_LIV_PE_P00_-0.48m,-,1
1,9nnn_J.002_028_PE_ST_M3_02_00,nan,843721,ST_LIV_PE_P00_-0.48m,-,1
1,9nnn_J.002_028_PE_ST_M3_02_00,nan,843722,ST_LIV_PE_P00_-0.48m,-,1
1,9nnn_J.002_028_PE_ST_M3_02_00,nan,843723,ST_LIV_PE_P00_-0.48m,-,1
1,9nnn_J.002_028_PE_ST_M3_02_00,nan,843724,ST_LIV_PE_P00_-0.48m,-,1
1,9nnn_J.002_028_PE_ST_M3_02_00,nan,843725,ST_LIV_PE_P00_-0.48m,-,1
1,9nnn_J.002_028_PE_ST_M3_02_00,nan,843726,ST_LIV_PE_P00_-0.48m,-,1
1,9nnn_J.002_028_PE_ST_M3_02_00,nan,843727,ST_LIV_PE_P00_-0.48m,-,1
1,9nnn_J.002_028_PE_ST_M3_02_00,nan,843728,ST_LIV_PE_P00_-0.48m,-,1
1,9nnn_J.002_028_PE_ST_M3_02_00,nan,843729,ST_LIV_PE_P00_-0.48m,-,1
1,9nnn_J.002_028_PE_ST_M3_02_00,nan,843730,ST_LIV_PE_P00_-0.48m,-,1
1,9nnn_J.002_028_PE_ST_M3_02_00,nan,843731,ST_LIV_PE_P00_-0.48m,-,1
1,9nnn_J.002_028_PE_ST_M3_02_00,nan,843732,ST_LIV_PE_P00_-0.48m,-,1
1,9nnn_J.002_028_PE_ST_M3_02_00,nan,843733,ST_LIV_PE_P00_-0.48m,-,1
1,9nnn_J.002_028_PE_ST_M3_02_00,nan,843734,ST_LIV_PE_P00_-0.48m,-,1
1,9nnn_J.002_028_PE_ST_M3_02_00,nan,843735,ST_LIV_PE_P00_-0.48m,-,1
1,9nnn_J.002_028_PE_ST_M3_02_00,nan,843736,ST_LIV_PE_P00_-0.48m,-,1
1,9nnn_J.002_028_PE_ST_M3_02_00,nan,843737,ST_LIV_PE_P00_-0.48m,-,1
1,9nnn_J.002_028_PE_ST_M3_02_00,nan,843738,ST_LIV_PE_P00_-0.48m,-,1
1,9nnn_J.002_028_PE_ST_M3_02_00,nan,843739,ST_LIV_PE_P00_-0.48m,-,1
1,9nnn_J.002_028_PE_ST_M3_02_00,nan,843740,ST_LIV_PE_P00_-0.48m,-,1
1,9nnn_J.002_028_PE_ST_M3_02_00,nan,843741,ST_LIV_PE_P00_-0.48m,-,1
1,9nnn_J.002_028_PE_ST_M3_02_00,nan,843742,ST_LIV_PE_P00_-0.48m,-,1
1,9nnn_J.002_028_PE_ST_M3_02_00,nan,843743,ST_LIV_PE_P00_-0.48m,-,1
1,9nnn_J.002_028_PE_ST_M3_02_00,nan,843744,ST_LIV_PE_P00_-0.48m,-,1
1,9nnn_J.002_028_PE_ST_M3_02_00,nan,843745,ST_LIV_PE_P00_-0.48m,-,1
1,9nnn_J.002_028_PE_ST_M3_02_00,nan,843746,ST_LIV_PE_P00_-0.48m,-,1
1,9nnn_J.002_028_PE_ST_M3_02_00,nan,843747,ST_LIV_PE_P00_-0.48m,-,1
1,9nnn_J.002_028_PE_ST_M3_02_00,nan,843748,ST_LIV_PE_P00_-0.48m,-,1
1,9nnn_J.002_028_PE_ST_M3_02_00,nan,843749,ST_LIV_PE_P00_-0.48m,-,1
1,9nnn_J.002_028_PE_ST_M3_02_00,nan,843750,ST_LIV_PE_P00_-0.48m,-,1
1,9nnn_J.002_028_PE_ST_M3_02_00,nan,843751,ST_LIV_PE_P00_-0.48m,-,1
1,9nnn_J.002_028_PE_ST_M3_02_00,nan,843752,ST_LIV_PE_P00_-0.48m,-,1
1,9nnn_J.002_028_PE_ST_M3_02_00,nan,843753,ST_LIV_PE_P00_-0.48m,-,1
1,9nnn_J.002_028_PE_ST_M3_02_00,nan,843754,ST_LIV_PE_P00_-0.48m,-,1
1,9nnn_J.002_028_PE_ST_M3_02_00,nan,843755,ST_LIV_PE_P00_-0.48m,-,1
1,9nnn_J.002_028_PE_ST_M3_02_00,nan,843756,ST_LIV_PE_P00_-0.48m,-,1
1,9nnn_J.002_028_PE_ST_M3_02_00,nan,843757,ST_LIV_PE_P00_-0.48m,-,1
1,9nnn_J.002_028_PE_ST_M3_02_00,nan,843758,ST_LIV_PE_P00_-0.48m,-,1
1,9nnn_J.002_028_PE_ST_M3_02_00,nan,843759,ST_LIV_PE_P00_-0.48m,-,1
1,9nnn_J.002_028_PE_ST_M3_02_00,nan,843760,ST_LIV_PE_P00_-0.48m,-,1
1,9nnn_J.002_028_PE_ST_M3_02_00,nan,843761,ST_LIV_PE_P00_-0.48m,-,1
1,9nnn_J.002_028_PE_ST_M3_02_00,nan,843762,ST_LIV_PE_P00_-0.48m,-,1
1,9nnn_J.002_028_PE_ST_M3_02_00,nan,843763,ST_LIV_PE_P00_-0.48m,-,1
1,9nnn_J.002_028_PE_ST_M3_02_00,nan,843764,ST_LIV_PE_P00_-0.48m,-,1
1,9nnn_J.002_028_PE_ST_M3_02_00,nan,843765,ST_LIV_PE_P00_-0.48m,-,1
1,9nnn_J.002_028_PE_ST_M3_02_00,nan,843766,ST_LIV_PE_P00_-0.48m,-,1
1,9nnn_J.002_028_PE_ST_M3_02_00,nan,843767,ST_LIV_PE_P00_-0.48m,-,1
1,9nnn_J.002_028_PE_ST_M3_02_00,nan,843768,ST_LIV_PE_P00_-0.48m,-,1
1,9nnn_J.002_028_PE_ST_M3_02_00,nan,843769,ST_LIV_PE_P00_-0.48m,-,1
1,9nnn_J.002_028_PE_ST_M3_02_00,nan,843770,ST_LIV_PE_P00_-0.48m,-,1
1,9nnn_J.002_028_PE_ST_M3_02_00,nan,843771,ST_LIV_PE_P00_-0.48m,-,1
1,9nnn_J.002_028_PE_ST_M3_02_00,nan,843772,ST_LIV_PE_P00_-0.48m,-,1
1,9nnn_J.002_028_PE_ST_M3_02_00,nan,843773,ST_LIV_PE_P00_-0.48m,-,1
1,9nnn_J.002_028_PE_ST_M3_02_00,nan,843774,ST_LIV_PE_P00_-0.48m,-,1
1,9nnn_J.002_028_PE_ST_M3_02_00,nan,843775,ST_LIV_PE_P00_-0.48m,-,1
1,9nnn_J.002_028_PE_ST_M3_02_00,nan,843776,ST_LIV_PE_P00_-0.48m,-,1
1,9nnn_J.002_028_PE_ST_M3_02_00,nan,843777,ST_LIV_PE_P00_-0.48m,-,1
1,9nnn_J.002_028_PE_ST_M3_02_00,nan,843778,ST_LIV_PE_P00_-0.48m,-,1
1,9nnn_J.002_028_PE_ST_M3_02_00,nan,843779,ST_LIV_PE_P00_-0.48m,-,1
1,9nnn_J.002_028_PE_ST_M3_02_00,nan,843780,ST_LIV_PE_P00_-0.48m,-,1
1,9nnn_J.002_028_PE_ST_M3_02_00,nan,843781,ST_LIV_PE_P00_-0.48m,-,1
1,9nnn_J.002_028_PE_ST_M3_02_00,nan,843782,ST_LIV_PE_P00_-0.48m,-,1
1,9nnn_J.002_028_PE_ST_M3_02_00,nan,843783,ST_LIV_PE_P00_-0.48m,-,1
1,9nnn_J.002_028_PE_ST_M3_02_00,nan,843784,ST_LIV_PE_P00_-0.48m,-,1
1,9nnn_J.002_028_PE_ST_M3_02_00,nan,843785,ST_LIV_PE_P00_-0.48m,-,1
1,9nnn_J.002_028_PE_ST_M3_02_00,nan,843786,ST_LIV_PE_P00_-0.48m,-,1
1,9nnn_J.002_028_PE_ST_M3_02_00,nan,843787,ST_LIV_PE_P00_-0.48m,-,1
1,9nnn_J.002_028_PE_ST_M3_02_00,nan,843788,ST_LIV_PE_P00_-0.48m,-,1
1,9nnn_J.002_028_PE_ST_M3_02_00,nan,843789,ST_LIV_PE_P00_-0.48m,-,1
1,9nnn_J.002_028_PE_ST_M3_02_00,nan,843790,ST_LIV_PE_P00_-0.48m,-,1
1,9nnn_J.002_028_PE_ST_M3_02_00,nan,843791,ST_LIV_PE_P00_-0.48m,-,1
1,9nnn_J.002_028_PE_ST_M3_02_00,nan,843794,ST_LIV_PE_P00_-0.48m,-,1
1,9nnn_J.002_028_PE_ST_M3_02_00,nan,843795,ST_LIV_PE_P00_-0.48m,-,1
1,9nnn_J.002_028_PE_ST_M3_02_00,nan,843796,ST_LIV_PE_P00_-0.48m,-,1
1,9nnn_J.002_028_PE_ST_M3_02_00,nan,843797,ST_LIV_PE_P00_-0.48m,-,1
1,9nnn_J.002_028_PE_ST_M3_02_00,Muro di base:ST_MUR_POR_300mm_CalcestruzzoArmato,684459,ST_LIV_PE_P00_-0.48m,-,1
1,9nnn_J.002_028_PE_ST_M3_02_00,Muro di base:ST_MUR_POR_300mm_CalcestruzzoArmato,684956,ST_LIV_PE_P00_-0.48m,-,1
1,9nnn_J.002_028_PE_ST_M3_02_00,Muro di base:ST_MUR_POR_300mm_CalcestruzzoArmato,685012,ST_LIV_PE_P00_-0.48m,-,1
1,9nnn_J.002_028_PE_ST_M3_02_00,Muro di base:ST_MUR_POR_300mm_CalcestruzzoArmato,685106,ST_LIV_PE_P00_-0.48m,-,1
1,9nnn_J.002_028_PE_ST_M3_02_00,Muro di base:ST_MUR_POR_300mm_CalcestruzzoArmato,706227,ST_LIV_PE_P00_-0.48m,-,1
1,9nnn_J.002_028_PE_ST_M3_02_00,Muro di base:ST_MUR_POR_300mm_CalcestruzzoArmato,706228,ST_LIV_PE_P00_-0.48m,-,1
1,9nnn_J.002_028_PE_ST_M3_02_00,Muro di base:ST_MUR_POR_300mm_CalcestruzzoArmato,706229,ST_LIV_PE_P00_-0.48m,-,1
1,9nnn_J.002_028_PE_ST_M3_02_00,Muro di base:ST_MUR_POR_300mm_CalcestruzzoArmato,706230,ST_LIV_PE_P00_-0.48m,-,1
1,9nnn_J.002_028_PE_ST_M3_02_00,Muro di base:ST_MUR_POR_300mm_CalcestruzzoArmato,706714,ST_LIV_PE_P00_-0.48m,-,1
1,9nnn_J.002_028_PE_ST_M3_02_00,Muro di base:ST_MUR_POR_300mm_CalcestruzzoArmato,707171,ST_LIV_PE_P00_-0.48m,-,1
1,9nnn_J.002_028_PE_ST_M3_02_00,Muro di base:ST_MUR_POR_300mm_CalcestruzzoArmato,707268,ST_LIV_PE_P00_-0.48m,-,1
1,9nnn_J.002_028_PE_ST_M3_02_00,Muro di base:ST_MUR_POR_300mm_CalcestruzzoArmato,707524,ST_LIV_PE_P00_-0.48m,-,1
1,9nnn_J.002_028_PE_ST_M3_02_00,Muro di base:ST_MUR_POR_300mm_CalcestruzzoArmato,707525,ST_LIV_PE_P00_-0.48m,-,1
1,9nnn_J.002_028_PE_ST_M3_02_00,Muro di base:ST_MUR_POR_300mm_CalcestruzzoArmato,707526,ST_LIV_PE_P00_-0.48m,-,1
1,9nnn_J.002_028_PE_ST_M3_02_00,Muro di base:ST_MUR_POR_300mm_CalcestruzzoArmato,707699,ST_LIV_PE_P00_-0.48m,-,1
1,9nnn_J.002_028_PE_ST_M3_02_00,Muro di base:ST_MUR_POR_300mm_CalcestruzzoArmato,707895,ST_LIV_PE_P00_-0.48m,-,1
1,9nnn_J.002_028_PE_ST_M3_02_00,Muro di base:ST_MUR_POR_300mm_CalcestruzzoArmato,707932,ST_LIV_PE_P00_-0.48m,-,1
1,9nnn_J.002_028_PE_ST_M3_02_00,Muro di base:ST_MUR_POR_300mm_CalcestruzzoArmato,708832,ST_LIV_PE_P00_-0.48m,-,1
1,9nnn_J.002_028_PE_ST_M3_02_00,Muro di base:ST_MUR_POR_300mm_CalcestruzzoArmato,708833,ST_LIV_PE_P00_-0.48m,-,1
1,9nnn_J.002_028_PE_ST_M3_02_00,Muro di base:ST_MUR_POR_300mm_CalcestruzzoArmato,708834,ST_LIV_PE_P00_-0.48m,-,1
1,9nnn_J.002_028_PE_ST_M3_02_00,Muro di base:ST_MUR_POR_300mm_CalcestruzzoArmato,708835,ST_LIV_PE_P00_-0.48m,-,1
1,9nnn_J.002_028_PE_ST_M3_02_00,Muro di base:ST_MUR_POR_300mm_CalcestruzzoArmato,708998,ST_LIV_PE_P00_-0.48m,-,1
1,9nnn_J.002_028_PE_ST_M3_02_00,Muro di base:ST_MUR_POR_300mm_CalcestruzzoArmato,709088,ST_LIV_PE_P00_-0.48m,-,1
1,9nnn_J.002_028_PE_ST_M3_02_00,Muro di base:ST_MUR_POR_300mm_CalcestruzzoArmato,710287,ST_LIV_PE_P00_-0.48m,-,1
1,9nnn_J.002_028_PE_ST_M3_02_00,Muro di base:ST_MUR_POR_300mm_CalcestruzzoArmato,710289,ST_LIV_PE_P00_-0.48m,-,1
1,9nnn_J.002_028_PE_ST_M3_02_00,Muro di base:ST_MUR_POR_300mm_CalcestruzzoArmato,710290,ST_LIV_PE_P00_-0.48m,-,1
1,9nnn_J.002_028_PE_ST_M3_02_00,Muro di base:ST_MUR_POR_300mm_CalcestruzzoArmato,710291,ST_LIV_PE_P00_-0.48m,-,1
1,9nnn_J.002_028_PE_ST_M3_02_00,Muro di base:ST_MUR_POR_300mm_CalcestruzzoArmato,710292,ST_LIV_PE_P00_-0.48m,-,1
1,9nnn_J.002_028_PE_ST_M3_02_00,Muro di base:ST_MUR_POR_300mm_CalcestruzzoArmato,719643,ST_LIV_PE_P00_-0.48m,-,1
1,9nnn_J.002_028_PE_ST_M3_02_00,Muro di base:ST_MUR_POR_300mm_CalcestruzzoArmato,722652,ST_LIV_PE_P00_-0.48m,-,1
1,9nnn_J.002_028_PE_ST_M3_02_00,Muro di base:ST_MUR_POR_300mm_CalcestruzzoArmato,722690,ST_LIV_PE_P00_-0.48m,-,1
1,9nnn_J.002_028_PE_ST_M3_02_00,Muro di base:ST_MUR_POR_300mm_CalcestruzzoArmato,722729,ST_LIV_PE_P00_-0.48m,-,1
1,9nnn_J.002_028_PE_ST_M3_02_00,Muro di base:ST_MUR_POR_300mm_CalcestruzzoArmato,731604,ST_LIV_PE_P00_-0.48m,-,1
1,9nnn_J.002_028_PE_ST_M3_02_00,Muro di base:ST_MUR_POR_300mm_CalcestruzzoArmato,731710,ST_LIV_PE_P00_-0.48m,-,1
1,9nnn_J.002_028_PE_ST_M3_02_00,Muro di base:ST_MUR_POR_300mm_CalcestruzzoArmato,732026,ST_LIV_PE_P00_-0.48m,-,1
1,9nnn_J.002_028_PE_ST_M3_02_00,Muro di base:ST_MUR_POR_300mm_CalcestruzzoArmato,732043,ST_LIV_PE_P00_-0.48m,-,1
1,9nnn_J.002_028_PE_ST_M3_02_00,Muro di base:ST_MUR_POR_300mm_CalcestruzzoArmato,732730,ST_LIV_PE_P00_-0.48m,-,1
1,9nnn_J.002_028_PE_ST_M3_02_00,Muro di base:ST_MUR_POR_300mm_CalcestruzzoArmato,732785,ST_LIV_PE_P00_-0.48m,-,1
1,9nnn_J.002_028_PE_ST_M3_02_00,Muro di base:ST_MUR_POR_300mm_CalcestruzzoArmato,732947,ST_LIV_PE_P00_-0.48m,-,1
1,9nnn_J.002_028_PE_ST_M3_02_00,Muro di base:ST_MUR_POR_300mm_CalcestruzzoArmato,733176,ST_LIV_PE_P00_-0.48m,-,1
1,9nnn_J.002_028_PE_ST_M3_02_00,Muro di base:ST_MUR_POR_300mm_CalcestruzzoArmato,733214,ST_LIV_PE_P00_-0.48m,-,1
1,9nnn_J.002_028_PE_ST_M3_02_00,Muro di base:ST_MUR_POR_300mm_CalcestruzzoArmato,744198,ST_LIV_PE_P00_-0.48m,-,1
1,9nnn_J.002_028_PE_ST_M3_02_00,Muro di base:ST_MUR_POR_300mm_CalcestruzzoArmato,749387,ST_LIV_PE_P00_-0.48m,-,1
1,9nnn_J.002_028_PE_ST_M3_02_00,Muro di base:ST_MUR_POR_300mm_CalcestruzzoArmato,749388,ST_LIV_PE_P00_-0.48m,-,1
1,9nnn_J.002_028_PE_ST_M3_02_00,Muro di base:ST_MUR_POR_300mm_CalcestruzzoArmato,749389,ST_LIV_PE_P00_-0.48m,-,1
1,9nnn_J.002_028_PE_ST_M3_02_00,Muro di base:ST_MUR_POR_300mm_CalcestruzzoArmato,749390,ST_LIV_PE_P00_-0.48m,-,1
1,9nnn_J.002_028_PE_ST_M3_02_00,Muro di base:ST_MUR_POR_300mm_CalcestruzzoArmato,749391,ST_LIV_PE_P00_-0.48m,-,1
1,9nnn_J.002_028_PE_ST_M3_02_00,Muro di base:ST_MUR_POR_300mm_CalcestruzzoArmato,749394,ST_LIV_PE_P00_-0.48m,-,1
1,9nnn_J.002_028_PE_ST_M3_02_00,Muro di base:ST_MUR_POR_300mm_CalcestruzzoArmato,749395,ST_LIV_PE_P00_-0.48m,-,1
1,9nnn_J.002_028_PE_ST_M3_02_00,Muro di base:ST_MUR_POR_300mm_CalcestruzzoArmato,749396,ST_LIV_PE_P00_-0.48m,-,1
1,9nnn_J.002_028_PE_ST_M3_02_00,Muro di base:ST_MUR_POR_300mm_CalcestruzzoArmato,749397,ST_LIV_PE_P00_-0.48m,-,1
1,9nnn_J.002_028_PE_ST_M3_02_00,Muro di base:ST_MUR_POR_300mm_CalcestruzzoArmato,749518,ST_LIV_PE_P00_-0.48m,-,1
1,9nnn_J.002_028_PE_ST_M3_02_00,Muro di base:ST_MUR_POR_300mm_CalcestruzzoArmato,749519,ST_LIV_PE_P00_-0.48m,-,1
1,9nnn_J.002_028_PE_ST_M3_02_00,Muro di base:ST_MUR_POR_300mm_CalcestruzzoArmato,749520,ST_LIV_PE_P00_-0.48m,-,1
1,9nnn_J.002_028_PE_ST_M3_02_00,Muro di base:ST_MUR_POR_300mm_CalcestruzzoArmato,749521,ST_LIV_PE_P00_-0.48m,-,1
1,9nnn_J.002_028_PE_ST_M3_02_00,Muro di base:ST_MUR_POR_300mm_CalcestruzzoArmato,749522,ST_LIV_PE_P00_-0.48m,-,1
1,9nnn_J.002_028_PE_ST_M3_02_00,Muro di base:ST_MUR_POR_300mm_CalcestruzzoArmato,749524,ST_LIV_PE_P00_-0.48m,-,1
1,9nnn_J.002_028_PE_ST_M3_02_00,Muro di base:ST_MUR_POR_300mm_CalcestruzzoArmato,749525,ST_LIV_PE_P00_-0.48m,-,1
1,9nnn_J.002_028_PE_ST_M3_02_00,Muro di base:ST_MUR_POR_300mm_CalcestruzzoArmato,749526,ST_LIV_PE_P00_-0.48m,-,1
1,9nnn_J.002_028_PE_ST_M3_02_00,Muro di base:ST_MUR_POR_300mm_CalcestruzzoArmato,749527,ST_LIV_PE_P00_-0.48m,-,1
1,9nnn_J.002_028_PE_ST_M3_02_00,Muro di base:ST_MUR_POR_300mm_CalcestruzzoArmato,753480,ST_LIV_PE_P00_-0.48m,-,1
1,9nnn_J.002_028_PE_ST_M3_02_00,Muro di base:ST_MUR_POR_300mm_CalcestruzzoArmato,753481,ST_LIV_PE_P00_-0.48m,-,1
1,9nnn_J.002_028_PE_ST_M3_02_00,Muro di base:ST_MUR_POR_300mm_CalcestruzzoArmato,753482,ST_LIV_PE_P00_-0.48m,-,1
1,9nnn_J.002_028_PE_ST_M3_02_00,Muro di base:ST_MUR_POR_300mm_CalcestruzzoArmato,753483,ST_LIV_PE_P00_-0.48m,-,1
1,9nnn_J.002_028_PE_ST_M3_02_00,Muro di base:ST_MUR_POR_300mm_CalcestruzzoArmato,804501,ST_LIV_PE_P00_-0.48m,-,1
1,9nnn_J.002_028_PE_ST_M3_02_00,Muro di base:ST_MUR_POR_300mm_CalcestruzzoArmato,810425,ST_LIV_PE_P00_-0.48m,-,1
1,9nnn_J.002_028_PE_ST_M3_02_00,Muro di base:ST_MUR_POR_300mm_CalcestruzzoArmato,811428,ST_LIV_PE_P00_-0.48m,-,1
1,9nnn_J.002_028_PE_ST_M3_02_00,Muro di base:ST_MUR_POR_300mm_CalcestruzzoArmato,825169,ST_LIV_PE_P00_-0.48m,-,1
1,9nnn_J.002_028_PE_ST_M3_02_00,Muro di base:ST_MUR_POR_300mm_CalcestruzzoArmato,825441,ST_LIV_PE_P00_-0.48m,-,1
1,9nnn_J.002_028_PE_ST_M3_02_00,Muro di base:ST_MUR_POR_300mm_CalcestruzzoArmato,832356,ST_LIV_PE_P00_-0.48m,-,1
1,9nnn_J.002_028_PE_ST_M3_02_00,Muro di base:ST_MUR_POR_300mm_CalcestruzzoArmato,832511,ST_LIV_PE_P00_-0.48m,-,1
1,9nnn_J.002_028_PE_ST_M3_02_00,Muro di base:ST_MUR_POR_300mm_CalcestruzzoArmato,836215,ST_LIV_PE_P00_-0.48m,-,1
1,9nnn_J.002_028_PE_ST_M3_02_00,Muro di base:ST_MUR_POR_300mm_CalcestruzzoArmato,836256,ST_LIV_PE_P00_-0.48m,-,1
1,9nnn_J.002_028_PE_ST_M3_02_00,Muro di base:ST_MUR_POR_300mm_CalcestruzzoArmato,846192,ST_LIV_PE_P00_-0.48m,-,1
1,9nnn_J.002_028_PE_ST_M3_02_00,Muro di base:ST_MUR_POR_300mm_CalcestruzzoArmato,846201,ST_LIV_PE_P00_-0.48m,-,1
1,9nnn_J.002_028_PE_ST_M3_02_00,Muro di base:ST_MUR_POR_300mm_CalcestruzzoArmato,846202,ST_LIV_PE_P00_-0.48m,-,1
1,9nnn_J.002_028_PE_ST_M3_02_00,Muro di base:ST_MUR_POR_300mm_CalcestruzzoArmato,846203,ST_LIV_PE_P00_-0.48m,-,1
1,9nnn_J.002_028_PE_ST_M3_02_00,Muro di base:ST_MUR_POR_300mm_CalcestruzzoArmato,846415,ST_LIV_PE_P00_-0.48m,-,1
1,9nnn_J.002_028_PE_ST_M3_02_00,Muro di base:ST_MUR_POR_300mm_CalcestruzzoArmato,857804,ST_LIV_PE_P00_-0.48m,-,1
1,9nnn_J.002_028_PE_ST_M3_02_00,Pavimento:ST_PAV_GET_250mm_CalcestruzzoArmato,691685,ST_LIV_PE_PC1_+12.50m,-,1
1,9nnn_J.002_028_PE_ST_M3_02_00,Pavimento:ST_PAV_MST_130mm_MistoGrecato,692372,ST_LIV_PE_P01_+5.08m,-,1
1,9nnn_J.002_028_PE_ST_M3_02_00,Pavimento:ST_PAV_GET_250mm_CalcestruzzoArmato,706642,ST_LIV_PE_P02_+10.28m,-,1
1,9nnn_J.002_028_PE_ST_M3_02_00,Pavimento:ST_PAV_GET_250mm_CalcestruzzoArmato,708150,ST_LIV_PE_P02_+10.28m,-,1
1,9nnn_J.002_028_PE_ST_M3_02_00,Pavimento:ST_PAV_GET_250mm_CalcestruzzoArmato,709748,ST_LIV_PE_P02_+10.28m,-,1
1,9nnn_J.002_028_PE_ST_M3_02_00,Pavimento:ST_PAV_GET_250mm_CalcestruzzoArmato,710298,ST_LIV_PE_P02_+10.28m,-,1
1,9nnn_J.002_028_PE_ST_M3_02_00,Pavimento:ST_PAV_GET_100mm_Magrone,722289,ST_LIV_PE_P00_-0.48m,-,1
1,9nnn_J.002_028_PE_ST_M3_02_00,Pavimento:ST_PAV_GET_250mm_CalcestruzzoArmato,749570,ST_LIV_PE_PC1_+12.50m,-,1
1,9nnn_J.002_028_PE_ST_M3_02_00,Pavimento:ST_PAV_GET_250mm_CalcestruzzoArmato,749607,ST_LIV_PE_PC1_+12.50m,-,1
2,9nnn_J.002_028_PE_ST_M3_02_00,Pavimento:ST_PAV_MST_130mm_MistoGrecato,754092,ST_LIV_PE_P02_+10.28m,-,1
2,9nnn_J.002_028_PE_ST_M3_02_00,Pavimento:ST_PAV_GET_200mm_CalcestruzzoArmato,781949,AR_LIV_PE_P00_+0.00m,-,1
2,9nnn_J.002_028_PE_ST_M3_02_00,Pavimento:ST_PAV_GET_200mm_CalcestruzzoArmato,803573,ST_LIV_PE_P01_+5.08m,-,1
1,9nnn_J.002_028_PE_ST_M3_02_00,Pavimento:ST_PAV_MST_110mm_MistoGrecato,805295,ST_LIV_PE_P01_+5.08m,-,1
1,9nnn_J.002_028_PE_ST_M3_02_00,Pavimento:ST_PAV_MST_110mm_MistoGrecato,809211,ST_LIV_PE_P01_+5.08m,-,1
1,9nnn_J.002_028_PE_ST_M3_02_00,Pavimento:ST_PAV_GET_200mm_CalcestruzzoArmato,810086,ST_LIV_PE_P01_+5.08m,-,1
1,9nnn_J.002_028_PE_ST_M3_02_00,Pavimento:ST_PAV_GET_200mm_CalcestruzzoArmato,810374,ST_LIV_PE_P01_+5.08m,-,1
1,9nnn_J.002_028_PE_ST_M3_02_00,Pavimento:ST_PAV_MST_110mm_MistoGrecato,810619,ST_LIV_PE_P01_+5.08m,-,1
1,9nnn_J.002_028_PE_ST_M3_02_00,nan,815104,ST_LIV_PE_P01_+5.08m,-,1
7,9nnn_J.002_028_PE_ST_M3_02_00,Pavimento:ST_PAV_MST_110mm_MistoGrecato,815104,ST_LIV_PE_P01_+5.08m,-,1
1,9nnn_J.002_028_PE_ST_M3_02_00,Pavimento:ST_PAV_GET_100mm_Magrone,846199,ST_LIV_PE_P00_-0.48m,-,1