Nome Elemento,Ifc Class,GUID,ID Elemento,Presenza Nativo,Presenza IFC,Stato
ST_MUR_POR_300mm_CalcestruzzoArmato,IfcWall,0NLE0NO1P0nA4kpGDgxnfu,0NLE0NO1P0nA4kpGDgxnfu,684459,684459,1,1,Verificato,1
ST_MUR_POR_300mm_CalcestruzzoArmato,IfcWall,1fD4LroifFvxCK0nkXn8UE,1fD4LroifFvxCK0nkXn8UE,684956,684956,1,1,Verificato,1
ST_MUR_POR_300mm_CalcestruzzoArmato,IfcWall,1fD4LroifFvxCK0nkXn8V6,1fD4LroifFvxCK0nkXn8V6,685012,685012,1,1,Verificato,1
ST_MUR_POR_300mm_CalcestruzzoArmato,IfcWall,1fD4LroifFvxCK0nkXn80W,1fD4LroifFvxCK0nkXn80W,685106,685106,1,1,Verificato,1
ST_MUR_POR_300mm_CalcestruzzoArmato,IfcWall,1fD4LroifFvxCK0nkXn85c,1fD4LroifFvxCK0nkXn85c,685428,685428,1,1,Verificato,1
ST_MUR_POR_300mm_CalcestruzzoArmato,IfcWall,1fD4LroifFvxCK0nkXn85d,1fD4LroifFvxCK0nkXn85d,685429,685429,1,1,Verificato,1
ST_MUR_POR_300mm_CalcestruzzoArmato,IfcWall,1fD4LroifFvxCK0nkXn85a,1fD4LroifFvxCK0nkXn85a,685430,685430,1,1,Verificato,1
ST_MUR_POR_300mm_CalcestruzzoArmato,IfcWall,1fD4LroifFvxCK0nkXn85b,1fD4LroifFvxCK0nkXn85b,685431,685431,1,1,Verificato,1
ST_MUR_POR_300mm_CalcestruzzoArmato,IfcWall,1fD4LroifFvxCK0nkXn86q,1fD4LroifFvxCK0nkXn86q,685478,685478,1,1,Verificato,1
ST_MUR_POR_300mm_CalcestruzzoArmato,IfcWall,1fD4LroifFvxCK0nkXn8EM,1fD4LroifFvxCK0nkXn8EM,685956,685956,1,1,Verificato,1
ST_MUR_POR_300mm_CalcestruzzoArmato,IfcWall,1fD4LroifFvxCK0nkXn8EN,1fD4LroifFvxCK0nkXn8EN,685957,685957,1,1,Verificato,1
ST_MUR_POR_300mm_CalcestruzzoArmato,IfcWall,1fD4LroifFvxCK0nkXn8EK,1fD4LroifFvxCK0nkXn8EK,685958,685958,1,1,Verificato,1
ST_MUR_POR_300mm_CalcestruzzoArmato,IfcWall,1fD4LroifFvxCK0nkXn8EL,1fD4LroifFvxCK0nkXn8EL,685959,685959,1,1,Verificato,1
ST_MUR_POR_300mm_CalcestruzzoArmato,IfcWall,1fD4LroifFvxCK0nkXn8EQ,1fD4LroifFvxCK0nkXn8EQ,685960,685960,1,1,Verificato,1
ST_PAV_GET_250mm_CalcestruzzoArmato,IfcSlab,2QsKaqarjBfgk$SlQxd5Lz,2QsKaqarjBfgk$SlQxd5Lz,691619,691619,1,1,Verificato,1
ST_PAV_GET_250mm_CalcestruzzoArmato,IfcSlab,2QsKaqarjBfgk$SlQxd5KA,2QsKaqarjBfgk$SlQxd5KA,691668,691668,1,1,Verificato,1
ST_PAV_GET_250mm_CalcestruzzoArmato,IfcSlab,2QsKaqarjBfgk$SlQxd5Kx,2QsKaqarjBfgk$SlQxd5Kx,691685,691685,1,1,Verificato,1
ST_PAV_MST_130mm_MistoGrecato,IfcSlab,0$rAP93zHA4v6v0z$AkyuC,0$rAP93zHA4v6v0z$AkyuC,692372,692372,1,0,Verificato,0
ST_MUR_POR_300mm_CalcestruzzoArmato,IfcWall,3UXr_vObjCXQzghGmftOxQ,3UXr_vObjCXQzghGmftOxQ,697209,697209,1,1,Verificato,1
ST_MUR_POR_300mm_CalcestruzzoArmato,IfcWall,3UXr_vObjCXQzghGmftOuy,3UXr_vObjCXQzghGmftOuy,697247,697247,1,1,Verificato,1
ST_MUR_POR_300mm_CalcestruzzoArmato,IfcWall,3UXr_vObjCXQzghGmftOvv,3UXr_vObjCXQzghGmftOvv,697306,697306,1,1,Verificato,1
ST_MUR_POR_300mm_CalcestruzzoArmato,IfcWall,3UXr_vObjCXQzghGmftOvU,3UXr_vObjCXQzghGmftOvU,697341,697341,1,1,Verificato,1
ST_MUR_POR_300mm_CalcestruzzoArmato,IfcWall,3UXr_vObjCXQzghGmftOdY,3UXr_vObjCXQzghGmftOdY,697409,697409,1,1,Verificato,1
ST_MUR_POR_300mm_CalcestruzzoArmato,IfcWall,3UXr_vObjCXQzghGmftOdl,3UXr_vObjCXQzghGmftOdl,697420,697420,1,1,Verificato,1
ST_MUR_POR_300mm_CalcestruzzoArmato,IfcWall,3UXr_vObjCXQzghGmftOdt,3UXr_vObjCXQzghGmftOdt,697428,697428,1,1,Verificato,1
ST_MUR_POR_300mm_CalcestruzzoArmato,IfcWall,3UXr_vObjCXQzghGmftOdD,3UXr_vObjCXQzghGmftOdD,697454,697454,1,1,Verificato,1
ST_FON_PLT_Testata4Pali-ST_FON_PLT_Testata4Pali_3000x3000x1000mm_D600,IfcFooting,1Fu$HxwHr1TgMzF3kFAQQz,1Fu$HxwHr1TgMzF3kFAQQz,699381,699381,1,1,Verificato,1
ST_FON_PAL_PaloCalcestruzzo-ST_FON_PAL_PaloCalcestruzzo_600mm,IfcPile,1Fu$HxwHr1TgMzF3kFARtz,1Fu$HxwHr1TgMzF3kFARtz,700597,700597,1,1,Verificato,1
ST_FON_PAL_PaloCalcestruzzo-ST_FON_PAL_PaloCalcestruzzo_600mm,IfcPile,1Fu$HxwHr1TgMzF3kFARt_,1Fu$HxwHr1TgMzF3kFARt_,700598,700598,1,1,Verificato,1
ST_FON_PAL_PaloCalcestruzzo-ST_FON_PAL_PaloCalcestruzzo_600mm,IfcPile,1Fu$HxwHr1TgMzF3kFARt$,1Fu$HxwHr1TgMzF3kFARt$,700599,700599,1,1,Verificato,1
ST_FON_PAL_PaloCalcestruzzo-ST_FON_PAL_PaloCalcestruzzo_600mm,IfcPile,1Fu$HxwHr1TgMzF3kFARtm,1Fu$HxwHr1TgMzF3kFARtm,700600,700600,1,1,Verificato,1
ST_FON_PLT_Testata4Pali-ST_FON_PLT_Testata4Pali_3000x3000x1000mm_D600,IfcFooting,1Fu$HxwHr1TgMzF3kFAS_F,1Fu$HxwHr1TgMzF3kFAS_F,705223,705223,1,1,Verificato,1
ST_FON_PAL_PaloCalcestruzzo-ST_FON_PAL_PaloCalcestruzzo_600mm,IfcPile,1Fu$HxwHr1TgMzF3kFAS_0,1Fu$HxwHr1TgMzF3kFAS_0,705224,705224,1,1,Verificato,1
ST_FON_PAL_PaloCalcestruzzo-ST_FON_PAL_PaloCalcestruzzo_600mm,IfcPile,1Fu$HxwHr1TgMzF3kFAS_1,1Fu$HxwHr1TgMzF3kFAS_1,705225,705225,1,1,Verificato,1
ST_FON_PAL_PaloCalcestruzzo-ST_FON_PAL_PaloCalcestruzzo_600mm,IfcPile,1Fu$HxwHr1TgMzF3kFAS_2,1Fu$HxwHr1TgMzF3kFAS_2,705226,705226,1,1,Verificato,1
ST_FON_PAL_PaloCalcestruzzo-ST_FON_PAL_PaloCalcestruzzo_600mm,IfcPile,1Fu$HxwHr1TgMzF3kFAS_3,1Fu$HxwHr1TgMzF3kFAS_3,705227,705227,1,1,Verificato,1
ST_FON_PLT_Testata4Pali-ST_FON_PLT_Testata4Pali_3000x3000x1000mm_D600,IfcFooting,1Fu$HxwHr1TgMzF3kFAS_R,1Fu$HxwHr1TgMzF3kFAS_R,705235,705235,1,1,Verificato,1
ST_FON_PAL_PaloCalcestruzzo-ST_FON_PAL_PaloCalcestruzzo_600mm,IfcPile,1Fu$HxwHr1TgMzF3kFAS_S,1Fu$HxwHr1TgMzF3kFAS_S,705236,705236,1,1,Verificato,1
ST_FON_PAL_PaloCalcestruzzo-ST_FON_PAL_PaloCalcestruzzo_600mm,IfcPile,1Fu$HxwHr1TgMzF3kFAS_T,1Fu$HxwHr1TgMzF3kFAS_T,705237,705237,1,1,Verificato,1
ST_FON_PAL_PaloCalcestruzzo-ST_FON_PAL_PaloCalcestruzzo_600mm,IfcPile,1Fu$HxwHr1TgMzF3kFAS_U,1Fu$HxwHr1TgMzF3kFAS_U,705238,705238,1,1,Verificato,1
ST_FON_PAL_PaloCalcestruzzo-ST_FON_PAL_PaloCalcestruzzo_600mm,IfcPile,1Fu$HxwHr1TgMzF3kFAS_V,1Fu$HxwHr1TgMzF3kFAS_V,705239,705239,1,1,Verificato,1
ST_FON_PLT_Testata4Pali-ST_FON_PLT_Testata4Pali_3000x3000x1000mm_D600,IfcFooting,1Fu$HxwHr1TgMzF3kFAS_N,1Fu$HxwHr1TgMzF3kFAS_N,705247,705247,1,1,Verificato,1
ST_FON_PAL_PaloCalcestruzzo-ST_FON_PAL_PaloCalcestruzzo_600mm,IfcPile,1Fu$HxwHr1TgMzF3kFAS_e,1Fu$HxwHr1TgMzF3kFAS_e,705248,705248,1,1,Verificato,1
ST_FON_PAL_PaloCalcestruzzo-ST_FON_PAL_PaloCalcestruzzo_600mm,IfcPile,1Fu$HxwHr1TgMzF3kFAS_f,1Fu$HxwHr1TgMzF3kFAS_f,705249,705249,1,1,Verificato,1
ST_FON_PAL_PaloCalcestruzzo-ST_FON_PAL_PaloCalcestruzzo_600mm,IfcPile,1Fu$HxwHr1TgMzF3kFAS_g,1Fu$HxwHr1TgMzF3kFAS_g,705250,705250,1,1,Verificato,1
ST_FON_PAL_PaloCalcestruzzo-ST_FON_PAL_PaloCalcestruzzo_600mm,IfcPile,1Fu$HxwHr1TgMzF3kFAS_h,1Fu$HxwHr1TgMzF3kFAS_h,705251,705251,1,1,Verificato,1
ST_FON_PLT_Testata4Pali-ST_FON_PLT_Testata4Pali_3000x3000x1000mm_D600,IfcFooting,1Fu$HxwHr1TgMzF3kFAS_Z,1Fu$HxwHr1TgMzF3kFAS_Z,705259,705259,1,1,Verificato,1
ST_FON_PAL_PaloCalcestruzzo-ST_FON_PAL_PaloCalcestruzzo_600mm,IfcPile,1Fu$HxwHr1TgMzF3kFAS_a,1Fu$HxwHr1TgMzF3kFAS_a,705260,705260,1,1,Verificato,1
ST_FON_PAL_PaloCalcestruzzo-ST_FON_PAL_PaloCalcestruzzo_600mm,IfcPile,1Fu$HxwHr1TgMzF3kFAS_b,1Fu$HxwHr1TgMzF3kFAS_b,705261,705261,1,1,Verificato,1
ST_FON_PAL_PaloCalcestruzzo-ST_FON_PAL_PaloCalcestruzzo_600mm,IfcPile,1Fu$HxwHr1TgMzF3kFAS_c,1Fu$HxwHr1TgMzF3kFAS_c,705262,705262,1,1,Verificato,1
ST_FON_PAL_PaloCalcestruzzo-ST_FON_PAL_PaloCalcestruzzo_600mm,IfcPile,1Fu$HxwHr1TgMzF3kFAS_d,1Fu$HxwHr1TgMzF3kFAS_d,705263,705263,1,1,Verificato,1
ST_FON_PLT_Testata4Pali-ST_FON_PLT_Testata4Pali_3000x3000x1000mm_D600,IfcFooting,1Fu$HxwHr1TgMzF3kFAS_n,1Fu$HxwHr1TgMzF3kFAS_n,705273,705273,1,1,Verificato,1
ST_FON_PAL_PaloCalcestruzzo-ST_FON_PAL_PaloCalcestruzzo_600mm,IfcPile,1Fu$HxwHr1TgMzF3kFAS_o,1Fu$HxwHr1TgMzF3kFAS_o,705274,705274,1,1,Verificato,1
ST_FON_PAL_PaloCalcestruzzo-ST_FON_PAL_PaloCalcestruzzo_600mm,IfcPile,1Fu$HxwHr1TgMzF3kFAS_p,1Fu$HxwHr1TgMzF3kFAS_p,705275,705275,1,1,Verificato,1
ST_FON_PAL_PaloCalcestruzzo-ST_FON_PAL_PaloCalcestruzzo_600mm,IfcPile,1Fu$HxwHr1TgMzF3kFAS_q,1Fu$HxwHr1TgMzF3kFAS_q,705276,705276,1,1,Verificato,1
ST_FON_PAL_PaloCalcestruzzo-ST_FON_PAL_PaloCalcestruzzo_600mm,IfcPile,1Fu$HxwHr1TgMzF3kFAS_r,1Fu$HxwHr1TgMzF3kFAS_r,705277,705277,1,1,Verificato,1
ST_FON_PLT_Testata4Pali-ST_FON_PLT_Testata4Pali_3000x3000x1000mm_D600,IfcFooting,1Fu$HxwHr1TgMzF3kFASvF,1Fu$HxwHr1TgMzF3kFASvF,705287,705287,1,1,Verificato,1
ST_FON_PAL_PaloCalcestruzzo-ST_FON_PAL_PaloCalcestruzzo_600mm,IfcPile,1Fu$HxwHr1TgMzF3kFASv0,1Fu$HxwHr1TgMzF3kFASv0,705288,705288,1,1,Verificato,1
ST_FON_PAL_PaloCalcestruzzo-ST_FON_PAL_PaloCalcestruzzo_600mm,IfcPile,1Fu$HxwHr1TgMzF3kFASv1,1Fu$HxwHr1TgMzF3kFASv1,705289,705289,1,1,Verificato,1
ST_FON_PAL_PaloCalcestruzzo-ST_FON_PAL_PaloCalcestruzzo_600mm,IfcPile,1Fu$HxwHr1TgMzF3kFASv2,1Fu$HxwHr1TgMzF3kFASv2,705290,705290,1,1,Verificato,1
ST_FON_PAL_PaloCalcestruzzo-ST_FON_PAL_PaloCalcestruzzo_600mm,IfcPile,1Fu$HxwHr1TgMzF3kFASv3,1Fu$HxwHr1TgMzF3kFASv3,705291,705291,1,1,Verificato,1
ST_FON_PLT_Testata4Pali-ST_FON_PLT_Testata4Pali_3000x3000x1000mm_D600,IfcFooting,1Fu$HxwHr1TgMzF3kFASvR,1Fu$HxwHr1TgMzF3kFASvR,705299,705299,1,1,Verificato,1
ST_FON_PAL_PaloCalcestruzzo-ST_FON_PAL_PaloCalcestruzzo_600mm,IfcPile,1Fu$HxwHr1TgMzF3kFASvS,1Fu$HxwHr1TgMzF3kFASvS,705300,705300,1,1,Verificato,1
ST_FON_PAL_PaloCalcestruzzo-ST_FON_PAL_PaloCalcestruzzo_600mm,IfcPile,1Fu$HxwHr1TgMzF3kFASvT,1Fu$HxwHr1TgMzF3kFASvT,705301,705301,1,1,Verificato,1
ST_FON_PAL_PaloCalcestruzzo-ST_FON_PAL_PaloCalcestruzzo_600mm,IfcPile,1Fu$HxwHr1TgMzF3kFASvU,1Fu$HxwHr1TgMzF3kFASvU,705302,705302,1,1,Verificato,1
ST_FON_PAL_PaloCalcestruzzo-ST_FON_PAL_PaloCalcestruzzo_600mm,IfcPile,1Fu$HxwHr1TgMzF3kFASvV,1Fu$HxwHr1TgMzF3kFASvV,705303,705303,1,1,Verificato,1
ST_FON_PLT_Testata4Pali-ST_FON_PLT_Testata4Pali_3000x3000x1000mm_D600,IfcFooting,1Fu$HxwHr1TgMzF3kFASvN,1Fu$HxwHr1TgMzF3kFASvN,705311,705311,1,1,Verificato,1
ST_FON_PAL_PaloCalcestruzzo-ST_FON_PAL_PaloCalcestruzzo_600mm,IfcPile,1Fu$HxwHr1TgMzF3kFASve,1Fu$HxwHr1TgMzF3kFASve,705312,705312,1,1,Verificato,1
ST_FON_PAL_PaloCalcestruzzo-ST_FON_PAL_PaloCalcestruzzo_600mm,IfcPile,1Fu$HxwHr1TgMzF3kFASvf,1Fu$HxwHr1TgMzF3kFASvf,705313,705313,1,1,Verificato,1
ST_FON_PAL_PaloCalcestruzzo-ST_FON_PAL_PaloCalcestruzzo_600mm,IfcPile,1Fu$HxwHr1TgMzF3kFASvg,1Fu$HxwHr1TgMzF3kFASvg,705314,705314,1,1,Verificato,1
ST_FON_PAL_PaloCalcestruzzo-ST_FON_PAL_PaloCalcestruzzo_600mm,IfcPile,1Fu$HxwHr1TgMzF3kFASvh,1Fu$HxwHr1TgMzF3kFASvh,705315,705315,1,1,Verificato,1
ST_FON_PLT_Testata4Pali-ST_FON_PLT_Testata4Pali_3000x3000x1000mm_D600,IfcFooting,1Fu$HxwHr1TgMzF3kFASv$,1Fu$HxwHr1TgMzF3kFASv$,705335,705335,1,1,Verificato,1
ST_FON_PAL_PaloCalcestruzzo-ST_FON_PAL_PaloCalcestruzzo_600mm,IfcPile,1Fu$HxwHr1TgMzF3kFASvm,1Fu$HxwHr1TgMzF3kFASvm,705336,705336,1,1,Verificato,1
ST_FON_PAL_PaloCalcestruzzo-ST_FON_PAL_PaloCalcestruzzo_600mm,IfcPile,1Fu$HxwHr1TgMzF3kFASvn,1Fu$HxwHr1TgMzF3kFASvn,705337,705337,1,1,Verificato,1
ST_FON_PAL_PaloCalcestruzzo-ST_FON_PAL_PaloCalcestruzzo_600mm,IfcPile,1Fu$HxwHr1TgMzF3kFASvo,1Fu$HxwHr1TgMzF3kFASvo,705338,705338,1,1,Verificato,1
ST_FON_PAL_PaloCalcestruzzo-ST_FON_PAL_PaloCalcestruzzo_600mm,IfcPile,1Fu$HxwHr1TgMzF3kFASvp,1Fu$HxwHr1TgMzF3kFASvp,705339,705339,1,1,Verificato,1
ST_FON_PLT_Testata4Pali-ST_FON_PLT_Testata4Pali_3000x3000x1000mm_D600,IfcFooting,1Fu$HxwHr1TgMzF3kFASuR,1Fu$HxwHr1TgMzF3kFASuR,705363,705363,1,1,Verificato,1
ST_FON_PAL_PaloCalcestruzzo-ST_FON_PAL_PaloCalcestruzzo_600mm,IfcPile,1Fu$HxwHr1TgMzF3kFASuS,1Fu$HxwHr1TgMzF3kFASuS,705364,705364,1,1,Verificato,1
ST_FON_PAL_PaloCalcestruzzo-ST_FON_PAL_PaloCalcestruzzo_600mm,IfcPile,1Fu$HxwHr1TgMzF3kFASuT,1Fu$HxwHr1TgMzF3kFASuT,705365,705365,1,1,Verificato,1
ST_FON_PAL_PaloCalcestruzzo-ST_FON_PAL_PaloCalcestruzzo_600mm,IfcPile,1Fu$HxwHr1TgMzF3kFASuU,1Fu$HxwHr1TgMzF3kFASuU,705366,705366,1,1,Verificato,1
ST_FON_PAL_PaloCalcestruzzo-ST_FON_PAL_PaloCalcestruzzo_600mm,IfcPile,1Fu$HxwHr1TgMzF3kFASuV,1Fu$HxwHr1TgMzF3kFASuV,705367,705367,1,1,Verificato,1
ST_FON_PLT_Testata4Pali-ST_FON_PLT_Testata4Pali_3000x3000x1000mm_D600,IfcFooting,1Fu$HxwHr1TgMzF3kFASuN,1Fu$HxwHr1TgMzF3kFASuN,705375,705375,1,1,Verificato,1
ST_FON_PAL_PaloCalcestruzzo-ST_FON_PAL_PaloCalcestruzzo_600mm,IfcPile,1Fu$HxwHr1TgMzF3kFASue,1Fu$HxwHr1TgMzF3kFASue,705376,705376,1,1,Verificato,1
ST_FON_PAL_PaloCalcestruzzo-ST_FON_PAL_PaloCalcestruzzo_600mm,IfcPile,1Fu$HxwHr1TgMzF3kFASuf,1Fu$HxwHr1TgMzF3kFASuf,705377,705377,1,1,Verificato,1
ST_FON_PAL_PaloCalcestruzzo-ST_FON_PAL_PaloCalcestruzzo_600mm,IfcPile,1Fu$HxwHr1TgMzF3kFASug,1Fu$HxwHr1TgMzF3kFASug,705378,705378,1,1,Verificato,1
ST_FON_PAL_PaloCalcestruzzo-ST_FON_PAL_PaloCalcestruzzo_600mm,IfcPile,1Fu$HxwHr1TgMzF3kFASuh,1Fu$HxwHr1TgMzF3kFASuh,705379,705379,1,1,Verificato,1
ST_FON_PLT_Testata4Pali-ST_FON_PLT_Testata4Pali_3000x3000x1000mm_D600,IfcFooting,1Fu$HxwHr1TgMzF3kFASuZ,1Fu$HxwHr1TgMzF3kFASuZ,705387,705387,1,1,Verificato,1
ST_FON_PAL_PaloCalcestruzzo-ST_FON_PAL_PaloCalcestruzzo_600mm,IfcPile,1Fu$HxwHr1TgMzF3kFASua,1Fu$HxwHr1TgMzF3kFASua,705388,705388,1,1,Verificato,1
ST_FON_PAL_PaloCalcestruzzo-ST_FON_PAL_PaloCalcestruzzo_600mm,IfcPile,1Fu$HxwHr1TgMzF3kFASub,1Fu$HxwHr1TgMzF3kFASub,705389,705389,1,1,Verificato,1
ST_FON_PAL_PaloCalcestruzzo-ST_FON_PAL_PaloCalcestruzzo_600mm,IfcPile,1Fu$HxwHr1TgMzF3kFASuc,1Fu$HxwHr1TgMzF3kFASuc,705390,705390,1,1,Verificato,1
ST_FON_PAL_PaloCalcestruzzo-ST_FON_PAL_PaloCalcestruzzo_600mm,IfcPile,1Fu$HxwHr1TgMzF3kFASud,1Fu$HxwHr1TgMzF3kFASud,705391,705391,1,1,Verificato,1
ST_FON_PLT_Testata4Pali-ST_FON_PLT_Testata4Pali_3000x3000x1000mm_D600,IfcFooting,1Fu$HxwHr1TgMzF3kFASu$,1Fu$HxwHr1TgMzF3kFASu$,705399,705399,1,1,Verificato,1
ST_FON_PAL_PaloCalcestruzzo-ST_FON_PAL_PaloCalcestruzzo_600mm,IfcPile,1Fu$HxwHr1TgMzF3kFASum,1Fu$HxwHr1TgMzF3kFASum,705400,705400,1,1,Verificato,1
ST_FON_PAL_PaloCalcestruzzo-ST_FON_PAL_PaloCalcestruzzo_600mm,IfcPile,1Fu$HxwHr1TgMzF3kFASun,1Fu$HxwHr1TgMzF3kFASun,705401,705401,1,1,Verificato,1
ST_FON_PAL_PaloCalcestruzzo-ST_FON_PAL_PaloCalcestruzzo_600mm,IfcPile,1Fu$HxwHr1TgMzF3kFASuo,1Fu$HxwHr1TgMzF3kFASuo,705402,705402,1,1,Verificato,1
ST_FON_PAL_PaloCalcestruzzo-ST_FON_PAL_PaloCalcestruzzo_600mm,IfcPile,1Fu$HxwHr1TgMzF3kFASup,1Fu$HxwHr1TgMzF3kFASup,705403,705403,1,1,Verificato,1
ST_FON_PLT_Testata4Pali-ST_FON_PLT_Testata4Pali_3000x3000x1000mm_D600,IfcFooting,1Fu$HxwHr1TgMzF3kFASxB,1Fu$HxwHr1TgMzF3kFASxB,705411,705411,1,1,Verificato,1
ST_FON_PAL_PaloCalcestruzzo-ST_FON_PAL_PaloCalcestruzzo_600mm,IfcPile,1Fu$HxwHr1TgMzF3kFASxC,1Fu$HxwHr1TgMzF3kFASxC,705412,705412,1,1,Verificato,1
ST_FON_PAL_PaloCalcestruzzo-ST_FON_PAL_PaloCalcestruzzo_600mm,IfcPile,1Fu$HxwHr1TgMzF3kFASxD,1Fu$HxwHr1TgMzF3kFASxD,705413,705413,1,1,Verificato,1
ST_FON_PAL_PaloCalcestruzzo-ST_FON_PAL_PaloCalcestruzzo_600mm,IfcPile,1Fu$HxwHr1TgMzF3kFASxE,1Fu$HxwHr1TgMzF3kFASxE,705414,705414,1,1,Verificato,1
ST_FON_PAL_PaloCalcestruzzo-ST_FON_PAL_PaloCalcestruzzo_600mm,IfcPile,1Fu$HxwHr1TgMzF3kFASxF,1Fu$HxwHr1TgMzF3kFASxF,705415,705415,1,1,Verificato,1
ST_FON_PLT_Testata4Pali-ST_FON_PLT_Testata4Pali_3000x3000x1000mm_D600,IfcFooting,1Fu$HxwHr1TgMzF3kFASxP,1Fu$HxwHr1TgMzF3kFASxP,705425,705425,1,1,Verificato,1
ST_FON_PAL_PaloCalcestruzzo-ST_FON_PAL_PaloCalcestruzzo_600mm,IfcPile,1Fu$HxwHr1TgMzF3kFASxQ,1Fu$HxwHr1TgMzF3kFASxQ,705426,705426,1,1,Verificato,1
ST_FON_PAL_PaloCalcestruzzo-ST_FON_PAL_PaloCalcestruzzo_600mm,IfcPile,1Fu$HxwHr1TgMzF3kFASxR,1Fu$HxwHr1TgMzF3kFASxR,705427,705427,1,1,Verificato,1
ST_FON_PAL_PaloCalcestruzzo-ST_FON_PAL_PaloCalcestruzzo_600mm,IfcPile,1Fu$HxwHr1TgMzF3kFASxS,1Fu$HxwHr1TgMzF3kFASxS,705428,705428,1,1,Verificato,1
ST_FON_PAL_PaloCalcestruzzo-ST_FON_PAL_PaloCalcestruzzo_600mm,IfcPile,1Fu$HxwHr1TgMzF3kFASxT,1Fu$HxwHr1TgMzF3kFASxT,705429,705429,1,1,Verificato,1
ST_FON_PLT_Testata4Pali-ST_FON_PLT_Testata4Pali_3000x3000x1000mm_D600,IfcFooting,1Fu$HxwHr1TgMzF3kFASxL,1Fu$HxwHr1TgMzF3kFASxL,705437,705437,1,1,Verificato,1
ST_FON_PAL_PaloCalcestruzzo-ST_FON_PAL_PaloCalcestruzzo_600mm,IfcPile,1Fu$HxwHr1TgMzF3kFASxM,1Fu$HxwHr1TgMzF3kFASxM,705438,705438,1,1,Verificato,1
ST_FON_PAL_PaloCalcestruzzo-ST_FON_PAL_PaloCalcestruzzo_600mm,IfcPile,1Fu$HxwHr1TgMzF3kFASxN,1Fu$HxwHr1TgMzF3kFASxN,705439,705439,1,1,Verificato,1
ST_FON_PAL_PaloCalcestruzzo-ST_FON_PAL_PaloCalcestruzzo_600mm,IfcPile,1Fu$HxwHr1TgMzF3kFASxe,1Fu$HxwHr1TgMzF3kFASxe,705440,705440,1,1,Verificato,1
ST_FON_PAL_PaloCalcestruzzo-ST_FON_PAL_PaloCalcestruzzo_600mm,IfcPile,1Fu$HxwHr1TgMzF3kFASxf,1Fu$HxwHr1TgMzF3kFASxf,705441,705441,1,1,Verificato,1
ST_FON_PLT_Testata4Pali-ST_FON_PLT_Testata4Pali_3000x3000x1000mm_D600,IfcFooting,1Fu$HxwHr1TgMzF3kFASxX,1Fu$HxwHr1TgMzF3kFASxX,705449,705449,1,1,Verificato,1
ST_FON_PAL_PaloCalcestruzzo-ST_FON_PAL_PaloCalcestruzzo_600mm,IfcPile,1Fu$HxwHr1TgMzF3kFASxY,1Fu$HxwHr1TgMzF3kFASxY,705450,705450,1,1,Verificato,1
ST_FON_PAL_PaloCalcestruzzo-ST_FON_PAL_PaloCalcestruzzo_600mm,IfcPile,1Fu$HxwHr1TgMzF3kFASxZ,1Fu$HxwHr1TgMzF3kFASxZ,705451,705451,1,1,Verificato,1
ST_FON_PAL_PaloCalcestruzzo-ST_FON_PAL_PaloCalcestruzzo_600mm,IfcPile,1Fu$HxwHr1TgMzF3kFASxa,1Fu$HxwHr1TgMzF3kFASxa,705452,705452,1,1,Verificato,1
ST_FON_PAL_PaloCalcestruzzo-ST_FON_PAL_PaloCalcestruzzo_600mm,IfcPile,1Fu$HxwHr1TgMzF3kFASxb,1Fu$HxwHr1TgMzF3kFASxb,705453,705453,1,1,Verificato,1
ST_FON_PLT_Testata4Pali-ST_FON_PLT_Testata4Pali_3000x3000x1000mm_D600,IfcFooting,1Fu$HxwHr1TgMzF3kFASxz,1Fu$HxwHr1TgMzF3kFASxz,705461,705461,1,1,Verificato,1
ST_FON_PAL_PaloCalcestruzzo-ST_FON_PAL_PaloCalcestruzzo_600mm,IfcPile,1Fu$HxwHr1TgMzF3kFASx_,1Fu$HxwHr1TgMzF3kFASx_,705462,705462,1,1,Verificato,1
ST_FON_PAL_PaloCalcestruzzo-ST_FON_PAL_PaloCalcestruzzo_600mm,IfcPile,1Fu$HxwHr1TgMzF3kFASx$,1Fu$HxwHr1TgMzF3kFASx$,705463,705463,1,1,Verificato,1
ST_FON_PAL_PaloCalcestruzzo-ST_FON_PAL_PaloCalcestruzzo_600mm,IfcPile,1Fu$HxwHr1TgMzF3kFASxm,1Fu$HxwHr1TgMzF3kFASxm,705464,705464,1,1,Verificato,1
ST_FON_PAL_PaloCalcestruzzo-ST_FON_PAL_PaloCalcestruzzo_600mm,IfcPile,1Fu$HxwHr1TgMzF3kFASxn,1Fu$HxwHr1TgMzF3kFASxn,705465,705465,1,1,Verificato,1
ST_FON_PLT_Testata4Pali-ST_FON_PLT_Testata4Pali_3000x3000x1000mm_D600,IfcFooting,1Fu$HxwHr1TgMzF3kFASwc,1Fu$HxwHr1TgMzF3kFASwc,705518,705518,1,1,Verificato,1
ST_FON_PAL_PaloCalcestruzzo-ST_FON_PAL_PaloCalcestruzzo_600mm,IfcPile,1Fu$HxwHr1TgMzF3kFASwd,1Fu$HxwHr1TgMzF3kFASwd,705519,705519,1,1,Verificato,1
ST_FON_PAL_PaloCalcestruzzo-ST_FON_PAL_PaloCalcestruzzo_600mm,IfcPile,1Fu$HxwHr1TgMzF3kFASwu,1Fu$HxwHr1TgMzF3kFASwu,705520,705520,1,1,Verificato,1
ST_FON_PAL_PaloCalcestruzzo-ST_FON_PAL_PaloCalcestruzzo_600mm,IfcPile,1Fu$HxwHr1TgMzF3kFASwv,1Fu$HxwHr1TgMzF3kFASwv,705521,705521,1,1,Verificato,1
ST_FON_PAL_PaloCalcestruzzo-ST_FON_PAL_PaloCalcestruzzo_600mm,IfcPile,1Fu$HxwHr1TgMzF3kFASww,1Fu$HxwHr1TgMzF3kFASww,705522,705522,1,1,Verificato,1
ST_FON_PLT_Testata4Pali-ST_FON_PLT_Testata4Pali_3000x3000x1000mm_D600,IfcFooting,1Fu$HxwHr1TgMzF3kFASwq,1Fu$HxwHr1TgMzF3kFASwq,705532,705532,1,1,Verificato,1
ST_FON_PAL_PaloCalcestruzzo-ST_FON_PAL_PaloCalcestruzzo_600mm,IfcPile,1Fu$HxwHr1TgMzF3kFASwr,1Fu$HxwHr1TgMzF3kFASwr,705533,705533,1,1,Verificato,1
ST_FON_PAL_PaloCalcestruzzo-ST_FON_PAL_PaloCalcestruzzo_600mm,IfcPile,1Fu$HxwHr1TgMzF3kFASws,1Fu$HxwHr1TgMzF3kFASws,705534,705534,1,1,Verificato,1
ST_FON_PAL_PaloCalcestruzzo-ST_FON_PAL_PaloCalcestruzzo_600mm,IfcPile,1Fu$HxwHr1TgMzF3kFASwt,1Fu$HxwHr1TgMzF3kFASwt,705535,705535,1,1,Verificato,1
ST_FON_PAL_PaloCalcestruzzo-ST_FON_PAL_PaloCalcestruzzo_600mm,IfcPile,1Fu$HxwHr1TgMzF3kFASb8,1Fu$HxwHr1TgMzF3kFASb8,705536,705536,1,1,Verificato,1
ST_FON_PLT_Testata4Pali-ST_FON_PLT_Testata4Pali_3000x3000x1000mm_D600,IfcFooting,1Fu$HxwHr1TgMzF3kFASb0,1Fu$HxwHr1TgMzF3kFASb0,705544,705544,1,1,Verificato,1
ST_FON_PAL_PaloCalcestruzzo-ST_FON_PAL_PaloCalcestruzzo_600mm,IfcPile,1Fu$HxwHr1TgMzF3kFASb1,1Fu$HxwHr1TgMzF3kFASb1,705545,705545,1,1,Verificato,1
ST_FON_PAL_PaloCalcestruzzo-ST_FON_PAL_PaloCalcestruzzo_600mm,IfcPile,1Fu$HxwHr1TgMzF3kFASb2,1Fu$HxwHr1TgMzF3kFASb2,705546,705546,1,1,Verificato,1
ST_FON_PAL_PaloCalcestruzzo-ST_FON_PAL_PaloCalcestruzzo_600mm,IfcPile,1Fu$HxwHr1TgMzF3kFASb3,1Fu$HxwHr1TgMzF3kFASb3,705547,705547,1,1,Verificato,1
ST_FON_PAL_PaloCalcestruzzo-ST_FON_PAL_PaloCalcestruzzo_600mm,IfcPile,1Fu$HxwHr1TgMzF3kFASb4,1Fu$HxwHr1TgMzF3kFASb4,705548,705548,1,1,Verificato,1
ST_FON_PLT_Testata4Pali-ST_FON_PLT_Testata4Pali_3000x3000x1000mm_D600,IfcFooting,1Fu$HxwHr1TgMzF3kFASbS,1Fu$HxwHr1TgMzF3kFASbS,705556,705556,1,1,Verificato,1
ST_FON_PAL_PaloCalcestruzzo-ST_FON_PAL_PaloCalcestruzzo_600mm,IfcPile,1Fu$HxwHr1TgMzF3kFASbT,1Fu$HxwHr1TgMzF3kFASbT,705557,705557,1,1,Verificato,1
ST_FON_PAL_PaloCalcestruzzo-ST_FON_PAL_PaloCalcestruzzo_600mm,IfcPile,1Fu$HxwHr1TgMzF3kFASbU,1Fu$HxwHr1TgMzF3kFASbU,705558,705558,1,1,Verificato,1
ST_FON_PAL_PaloCalcestruzzo-ST_FON_PAL_PaloCalcestruzzo_600mm,IfcPile,1Fu$HxwHr1TgMzF3kFASbV,1Fu$HxwHr1TgMzF3kFASbV,705559,705559,1,1,Verificato,1
ST_FON_PAL_PaloCalcestruzzo-ST_FON_PAL_PaloCalcestruzzo_600mm,IfcPile,1Fu$HxwHr1TgMzF3kFASbG,1Fu$HxwHr1TgMzF3kFASbG,705560,705560,1,1,Verificato,1
ST_FON_PLT_Testata4Pali-ST_FON_PLT_Testata4Pali_3000x3000x1000mm_D600,IfcFooting,1Fu$HxwHr1TgMzF3kFASbe,1Fu$HxwHr1TgMzF3kFASbe,705568,705568,1,1,Verificato,1
ST_FON_PAL_PaloCalcestruzzo-ST_FON_PAL_PaloCalcestruzzo_600mm,IfcPile,1Fu$HxwHr1TgMzF3kFASbf,1Fu$HxwHr1TgMzF3kFASbf,705569,705569,1,1,Verificato,1
ST_FON_PAL_PaloCalcestruzzo-ST_FON_PAL_PaloCalcestruzzo_600mm,IfcPile,1Fu$HxwHr1TgMzF3kFASbg,1Fu$HxwHr1TgMzF3kFASbg,705570,705570,1,1,Verificato,1
ST_FON_PAL_PaloCalcestruzzo-ST_FON_PAL_PaloCalcestruzzo_600mm,IfcPile,1Fu$HxwHr1TgMzF3kFASbh,1Fu$HxwHr1TgMzF3kFASbh,705571,705571,1,1,Verificato,1
ST_FON_PAL_PaloCalcestruzzo-ST_FON_PAL_PaloCalcestruzzo_600mm,IfcPile,1Fu$HxwHr1TgMzF3kFASbi,1Fu$HxwHr1TgMzF3kFASbi,705572,705572,1,1,Verificato,1
ST_FON_PLT_Testata4Pali-ST_FON_PLT_Testata4Pali_3000x3000x1000mm_D600,IfcFooting,1Fu$HxwHr1TgMzF3kFASba,1Fu$HxwHr1TgMzF3kFASba,705580,705580,1,1,Verificato,1
ST_FON_PAL_PaloCalcestruzzo-ST_FON_PAL_PaloCalcestruzzo_600mm,IfcPile,1Fu$HxwHr1TgMzF3kFASbb,1Fu$HxwHr1TgMzF3kFASbb,705581,705581,1,1,Verificato,1
ST_FON_PAL_PaloCalcestruzzo-ST_FON_PAL_PaloCalcestruzzo_600mm,IfcPile,1Fu$HxwHr1TgMzF3kFASbc,1Fu$HxwHr1TgMzF3kFASbc,705582,705582,1,1,Verificato,1
ST_FON_PAL_PaloCalcestruzzo-ST_FON_PAL_PaloCalcestruzzo_600mm,IfcPile,1Fu$HxwHr1TgMzF3kFASbd,1Fu$HxwHr1TgMzF3kFASbd,705583,705583,1,1,Verificato,1
ST_FON_PAL_PaloCalcestruzzo-ST_FON_PAL_PaloCalcestruzzo_600mm,IfcPile,1Fu$HxwHr1TgMzF3kFASbu,1Fu$HxwHr1TgMzF3kFASbu,705584,705584,1,1,Verificato,1
ST_FON_PLT_Testata4Pali-ST_FON_PLT_Testata4Pali_3000x3000x1000mm_D600,IfcFooting,1Fu$HxwHr1TgMzF3kFASbm,1Fu$HxwHr1TgMzF3kFASbm,705592,705592,1,1,Verificato,1
ST_FON_PAL_PaloCalcestruzzo-ST_FON_PAL_PaloCalcestruzzo_600mm,IfcPile,1Fu$HxwHr1TgMzF3kFASbn,1Fu$HxwHr1TgMzF3kFASbn,705593,705593,1,1,Verificato,1
ST_FON_PAL_PaloCalcestruzzo-ST_FON_PAL_PaloCalcestruzzo_600mm,IfcPile,1Fu$HxwHr1TgMzF3kFASbo,1Fu$HxwHr1TgMzF3kFASbo,705594,705594,1,1,Verificato,1
ST_FON_PAL_PaloCalcestruzzo-ST_FON_PAL_PaloCalcestruzzo_600mm,IfcPile,1Fu$HxwHr1TgMzF3kFASbp,1Fu$HxwHr1TgMzF3kFASbp,705595,705595,1,1,Verificato,1
ST_FON_PAL_PaloCalcestruzzo-ST_FON_PAL_PaloCalcestruzzo_600mm,IfcPile,1Fu$HxwHr1TgMzF3kFASbq,1Fu$HxwHr1TgMzF3kFASbq,705596,705596,1,1,Verificato,1
ST_FON_PLT_Testata4Pali-ST_FON_PLT_Testata4Pali_3000x3000x1000mm_D600,IfcFooting,1Fu$HxwHr1TgMzF3kFASaE,1Fu$HxwHr1TgMzF3kFASaE,705606,705606,1,1,Verificato,1
ST_FON_PAL_PaloCalcestruzzo-ST_FON_PAL_PaloCalcestruzzo_600mm,IfcPile,1Fu$HxwHr1TgMzF3kFASaF,1Fu$HxwHr1TgMzF3kFASaF,705607,705607,1,1,Verificato,1
ST_FON_PAL_PaloCalcestruzzo-ST_FON_PAL_PaloCalcestruzzo_600mm,IfcPile,1Fu$HxwHr1TgMzF3kFASa0,1Fu$HxwHr1TgMzF3kFASa0,705608,705608,1,1,Verificato,1
ST_FON_PAL_PaloCalcestruzzo-ST_FON_PAL_PaloCalcestruzzo_600mm,IfcPile,1Fu$HxwHr1TgMzF3kFASa1,1Fu$HxwHr1TgMzF3kFASa1,705609,705609,1,1,Verificato,1
ST_FON_PAL_PaloCalcestruzzo-ST_FON_PAL_PaloCalcestruzzo_600mm,IfcPile,1Fu$HxwHr1TgMzF3kFASa2,1Fu$HxwHr1TgMzF3kFASa2,705610,705610,1,1,Verificato,1
ST_FON_PLT_Testata4Pali-ST_FON_PLT_Testata4Pali_3000x3000x1000mm_D600,IfcFooting,1Fu$HxwHr1TgMzF3kFASaQ,1Fu$HxwHr1TgMzF3kFASaQ,705618,705618,1,1,Verificato,1
ST_FON_PAL_PaloCalcestruzzo-ST_FON_PAL_PaloCalcestruzzo_600mm,IfcPile,1Fu$HxwHr1TgMzF3kFASaR,1Fu$HxwHr1TgMzF3kFASaR,705619,705619,1,1,Verificato,1
ST_FON_PAL_PaloCalcestruzzo-ST_FON_PAL_PaloCalcestruzzo_600mm,IfcPile,1Fu$HxwHr1TgMzF3kFASaS,1Fu$HxwHr1TgMzF3kFASaS,705620,705620,1,1,Verificato,1
ST_FON_PAL_PaloCalcestruzzo-ST_FON_PAL_PaloCalcestruzzo_600mm,IfcPile,1Fu$HxwHr1TgMzF3kFASaT,1Fu$HxwHr1TgMzF3kFASaT,705621,705621,1,1,Verificato,1
ST_FON_PAL_PaloCalcestruzzo-ST_FON_PAL_PaloCalcestruzzo_600mm,IfcPile,1Fu$HxwHr1TgMzF3kFASaU,1Fu$HxwHr1TgMzF3kFASaU,705622,705622,1,1,Verificato,1
ST_FON_PLT_Testata4Pali-ST_FON_PLT_Testata4Pali_3000x3000x1000mm_D600,IfcFooting,1Fu$HxwHr1TgMzF3kFASaw,1Fu$HxwHr1TgMzF3kFASaw,705650,705650,1,1,Verificato,1
ST_FON_PAL_PaloCalcestruzzo-ST_FON_PAL_PaloCalcestruzzo_600mm,IfcPile,1Fu$HxwHr1TgMzF3kFASax,1Fu$HxwHr1TgMzF3kFASax,705651,705651,1,1,Verificato,1
ST_FON_PAL_PaloCalcestruzzo-ST_FON_PAL_PaloCalcestruzzo_600mm,IfcPile,1Fu$HxwHr1TgMzF3kFASay,1Fu$HxwHr1TgMzF3kFASay,705652,705652,1,1,Verificato,1
ST_FON_PAL_PaloCalcestruzzo-ST_FON_PAL_PaloCalcestruzzo_600mm,IfcPile,1Fu$HxwHr1TgMzF3kFASaz,1Fu$HxwHr1TgMzF3kFASaz,705653,705653,1,1,Verificato,1
ST_FON_PAL_PaloCalcestruzzo-ST_FON_PAL_PaloCalcestruzzo_600mm,IfcPile,1Fu$HxwHr1TgMzF3kFASa_,1Fu$HxwHr1TgMzF3kFASa_,705654,705654,1,1,Verificato,1
ST_FON_PLT_Testata4Pali-ST_FON_PLT_Testata4Pali_3000x3000x1000mm_D600,IfcFooting,1Fu$HxwHr1TgMzF3kFASas,1Fu$HxwHr1TgMzF3kFASas,705662,705662,1,1,Verificato,1
ST_FON_PAL_PaloCalcestruzzo-ST_FON_PAL_PaloCalcestruzzo_600mm,IfcPile,1Fu$HxwHr1TgMzF3kFASat,1Fu$HxwHr1TgMzF3kFASat,705663,705663,1,1,Verificato,1
ST_FON_PAL_PaloCalcestruzzo-ST_FON_PAL_PaloCalcestruzzo_600mm,IfcPile,1Fu$HxwHr1TgMzF3kFASd8,1Fu$HxwHr1TgMzF3kFASd8,705664,705664,1,1,Verificato,1
ST_FON_PAL_PaloCalcestruzzo-ST_FON_PAL_PaloCalcestruzzo_600mm,IfcPile,1Fu$HxwHr1TgMzF3kFASd9,1Fu$HxwHr1TgMzF3kFASd9,705665,705665,1,1,Verificato,1
ST_FON_PAL_PaloCalcestruzzo-ST_FON_PAL_PaloCalcestruzzo_600mm,IfcPile,1Fu$HxwHr1TgMzF3kFASdA,1Fu$HxwHr1TgMzF3kFASdA,705666,705666,1,1,Verificato,1
ST_FON_PLT_Testata4Pali-ST_FON_PLT_Testata4Pali_3000x3000x1000mm_D600,IfcFooting,1Fu$HxwHr1TgMzF3kFASd4,1Fu$HxwHr1TgMzF3kFASd4,705676,705676,1,1,Verificato,1
ST_FON_PAL_PaloCalcestruzzo-ST_FON_PAL_PaloCalcestruzzo_600mm,IfcPile,1Fu$HxwHr1TgMzF3kFASd5,1Fu$HxwHr1TgMzF3kFASd5,705677,705677,1,1,Verificato,1
ST_FON_PAL_PaloCalcestruzzo-ST_FON_PAL_PaloCalcestruzzo_600mm,IfcPile,1Fu$HxwHr1TgMzF3kFASd6,1Fu$HxwHr1TgMzF3kFASd6,705678,705678,1,1,Verificato,1
ST_FON_PAL_PaloCalcestruzzo-ST_FON_PAL_PaloCalcestruzzo_600mm,IfcPile,1Fu$HxwHr1TgMzF3kFASd7,1Fu$HxwHr1TgMzF3kFASd7,705679,705679,1,1,Verificato,1
ST_FON_PAL_PaloCalcestruzzo-ST_FON_PAL_PaloCalcestruzzo_600mm,IfcPile,1Fu$HxwHr1TgMzF3kFASdO,1Fu$HxwHr1TgMzF3kFASdO,705680,705680,1,1,Verificato,1
ST_FON_PLT_Testata4Pali-ST_FON_PLT_Testata4Pali_3000x3000x1000mm_D600,IfcFooting,1Fu$HxwHr1TgMzF3kFASdG,1Fu$HxwHr1TgMzF3kFASdG,705688,705688,1,1,Verificato,1
ST_FON_PAL_PaloCalcestruzzo-ST_FON_PAL_PaloCalcestruzzo_600mm,IfcPile,1Fu$HxwHr1TgMzF3kFASdH,1Fu$HxwHr1TgMzF3kFASdH,705689,705689,1,1,Verificato,1
ST_FON_PAL_PaloCalcestruzzo-ST_FON_PAL_PaloCalcestruzzo_600mm,IfcPile,1Fu$HxwHr1TgMzF3kFASdI,1Fu$HxwHr1TgMzF3kFASdI,705690,705690,1,1,Verificato,1
ST_FON_PAL_PaloCalcestruzzo-ST_FON_PAL_PaloCalcestruzzo_600mm,IfcPile,1Fu$HxwHr1TgMzF3kFASdJ,1Fu$HxwHr1TgMzF3kFASdJ,705691,705691,1,1,Verificato,1
ST_FON_PAL_PaloCalcestruzzo-ST_FON_PAL_PaloCalcestruzzo_600mm,IfcPile,1Fu$HxwHr1TgMzF3kFASdK,1Fu$HxwHr1TgMzF3kFASdK,705692,705692,1,1,Verificato,1
ST_FON_PLT_Testata4Pali-ST_FON_PLT_Testata4Pali_3000x3000x1000mm_D600,IfcFooting,1Fu$HxwHr1TgMzF3kFASdi,1Fu$HxwHr1TgMzF3kFASdi,705700,705700,1,1,Verificato,1
ST_FON_PAL_PaloCalcestruzzo-ST_FON_PAL_PaloCalcestruzzo_600mm,IfcPile,1Fu$HxwHr1TgMzF3kFASdj,1Fu$HxwHr1TgMzF3kFASdj,705701,705701,1,1,Verificato,1
ST_FON_PAL_PaloCalcestruzzo-ST_FON_PAL_PaloCalcestruzzo_600mm,IfcPile,1Fu$HxwHr1TgMzF3kFASdk,1Fu$HxwHr1TgMzF3kFASdk,705702,705702,1,1,Verificato,1
ST_FON_PAL_PaloCalcestruzzo-ST_FON_PAL_PaloCalcestruzzo_600mm,IfcPile,1Fu$HxwHr1TgMzF3kFASdl,1Fu$HxwHr1TgMzF3kFASdl,705703,705703,1,1,Verificato,1
ST_FON_PAL_PaloCalcestruzzo-ST_FON_PAL_PaloCalcestruzzo_600mm,IfcPile,1Fu$HxwHr1TgMzF3kFASdW,1Fu$HxwHr1TgMzF3kFASdW,705704,705704,1,1,Verificato,1
ST_FON_PLT_Testata4Pali-ST_FON_PLT_Testata4Pali_3000x3000x1000mm_D600,IfcFooting,1Fu$HxwHr1TgMzF3kFASdu,1Fu$HxwHr1TgMzF3kFASdu,705712,705712,1,1,Verificato,1
ST_FON_PAL_PaloCalcestruzzo-ST_FON_PAL_PaloCalcestruzzo_600mm,IfcPile,1Fu$HxwHr1TgMzF3kFASdv,1Fu$HxwHr1TgMzF3kFASdv,705713,705713,1,1,Verificato,1
ST_FON_PAL_PaloCalcestruzzo-ST_FON_PAL_PaloCalcestruzzo_600mm,IfcPile,1Fu$HxwHr1TgMzF3kFASdw,1Fu$HxwHr1TgMzF3kFASdw,705714,705714,1,1,Verificato,1
ST_FON_PAL_PaloCalcestruzzo-ST_FON_PAL_PaloCalcestruzzo_600mm,IfcPile,1Fu$HxwHr1TgMzF3kFASdx,1Fu$HxwHr1TgMzF3kFASdx,705715,705715,1,1,Verificato,1
ST_FON_PAL_PaloCalcestruzzo-ST_FON_PAL_PaloCalcestruzzo_600mm,IfcPile,1Fu$HxwHr1TgMzF3kFASdy,1Fu$HxwHr1TgMzF3kFASdy,705716,705716,1,1,Verificato,1
ST_FON_PLT_Testata4Pali-ST_FON_PLT_Testata4Pali_3000x3000x1000mm_D600,IfcFooting,1Fu$HxwHr1TgMzF3kFASdq,1Fu$HxwHr1TgMzF3kFASdq,705724,705724,1,1,Verificato,1
ST_FON_PAL_PaloCalcestruzzo-ST_FON_PAL_PaloCalcestruzzo_600mm,IfcPile,1Fu$HxwHr1TgMzF3kFASdr,1Fu$HxwHr1TgMzF3kFASdr,705725,705725,1,1,Verificato,1
ST_FON_PAL_PaloCalcestruzzo-ST_FON_PAL_PaloCalcestruzzo_600mm,IfcPile,1Fu$HxwHr1TgMzF3kFASds,1Fu$HxwHr1TgMzF3kFASds,705726,705726,1,1,Verificato,1
ST_FON_PAL_PaloCalcestruzzo-ST_FON_PAL_PaloCalcestruzzo_600mm,IfcPile,1Fu$HxwHr1TgMzF3kFASdt,1Fu$HxwHr1TgMzF3kFASdt,705727,705727,1,1,Verificato,1
ST_FON_PAL_PaloCalcestruzzo-ST_FON_PAL_PaloCalcestruzzo_600mm,IfcPile,1Fu$HxwHr1TgMzF3kFASc8,1Fu$HxwHr1TgMzF3kFASc8,705728,705728,1,1,Verificato,1
ST_FON_PLT_Testata4Pali-ST_FON_PLT_Testata4Pali_3000x3000x1000mm_D600,IfcFooting,1Fu$HxwHr1TgMzF3kFASc0,1Fu$HxwHr1TgMzF3kFASc0,705736,705736,1,1,Verificato,1
ST_FON_PAL_PaloCalcestruzzo-ST_FON_PAL_PaloCalcestruzzo_600mm,IfcPile,1Fu$HxwHr1TgMzF3kFASc1,1Fu$HxwHr1TgMzF3kFASc1,705737,705737,1,1,Verificato,1
ST_FON_PAL_PaloCalcestruzzo-ST_FON_PAL_PaloCalcestruzzo_600mm,IfcPile,1Fu$HxwHr1TgMzF3kFASc2,1Fu$HxwHr1TgMzF3kFASc2,705738,705738,1,1,Verificato,1
ST_FON_PAL_PaloCalcestruzzo-ST_FON_PAL_PaloCalcestruzzo_600mm,IfcPile,1Fu$HxwHr1TgMzF3kFASc3,1Fu$HxwHr1TgMzF3kFASc3,705739,705739,1,1,Verificato,1
ST_FON_PAL_PaloCalcestruzzo-ST_FON_PAL_PaloCalcestruzzo_600mm,IfcPile,1Fu$HxwHr1TgMzF3kFASc4,1Fu$HxwHr1TgMzF3kFASc4,705740,705740,1,1,Verificato,1
ST_FON_PLT_Testata4Pali-ST_FON_PLT_Testata4Pali_3000x3000x1000mm_D600,IfcFooting,1Fu$HxwHr1TgMzF3kFAScS,1Fu$HxwHr1TgMzF3kFAScS,705748,705748,1,1,Verificato,1
ST_FON_PAL_PaloCalcestruzzo-ST_FON_PAL_PaloCalcestruzzo_600mm,IfcPile,1Fu$HxwHr1TgMzF3kFAScT,1Fu$HxwHr1TgMzF3kFAScT,705749,705749,1,1,Verificato,1
ST_FON_PAL_PaloCalcestruzzo-ST_FON_PAL_PaloCalcestruzzo_600mm,IfcPile,1Fu$HxwHr1TgMzF3kFAScU,1Fu$HxwHr1TgMzF3kFAScU,705750,705750,1,1,Verificato,1
ST_FON_PAL_PaloCalcestruzzo-ST_FON_PAL_PaloCalcestruzzo_600mm,IfcPile,1Fu$HxwHr1TgMzF3kFAScV,1Fu$HxwHr1TgMzF3kFAScV,705751,705751,1,1,Verificato,1
ST_FON_PAL_PaloCalcestruzzo-ST_FON_PAL_PaloCalcestruzzo_600mm,IfcPile,1Fu$HxwHr1TgMzF3kFAScG,1Fu$HxwHr1TgMzF3kFAScG,705752,705752,1,1,Verificato,1
ST_FON_PLT_Testata4Pali-ST_FON_PLT_Testata4Pali_3000x3000x1000mm_D600,IfcFooting,1Fu$HxwHr1TgMzF3kFAScg,1Fu$HxwHr1TgMzF3kFAScg,705762,705762,1,1,Verificato,1
ST_FON_PAL_PaloCalcestruzzo-ST_FON_PAL_PaloCalcestruzzo_600mm,IfcPile,1Fu$HxwHr1TgMzF3kFASch,1Fu$HxwHr1TgMzF3kFASch,705763,705763,1,1,Verificato,1
ST_FON_PAL_PaloCalcestruzzo-ST_FON_PAL_PaloCalcestruzzo_600mm,IfcPile,1Fu$HxwHr1TgMzF3kFASci,1Fu$HxwHr1TgMzF3kFASci,705764,705764,1,1,Verificato,1
ST_FON_PAL_PaloCalcestruzzo-ST_FON_PAL_PaloCalcestruzzo_600mm,IfcPile,1Fu$HxwHr1TgMzF3kFAScj,1Fu$HxwHr1TgMzF3kFAScj,705765,705765,1,1,Verificato,1
ST_FON_PAL_PaloCalcestruzzo-ST_FON_PAL_PaloCalcestruzzo_600mm,IfcPile,1Fu$HxwHr1TgMzF3kFASck,1Fu$HxwHr1TgMzF3kFASck,705766,705766,1,1,Verificato,1
ST_FON_PLT_Testata4Pali-ST_FON_PLT_Testata4Pali_3000x3000x1000mm_D600,IfcFooting,1Fu$HxwHr1TgMzF3kFASX0,1Fu$HxwHr1TgMzF3kFASX0,705800,705800,1,1,Verificato,1
ST_FON_PAL_PaloCalcestruzzo-ST_FON_PAL_PaloCalcestruzzo_600mm,IfcPile,1Fu$HxwHr1TgMzF3kFASX1,1Fu$HxwHr1TgMzF3kFASX1,705801,705801,1,1,Verificato,1
ST_FON_PAL_PaloCalcestruzzo-ST_FON_PAL_PaloCalcestruzzo_600mm,IfcPile,1Fu$HxwHr1TgMzF3kFASX2,1Fu$HxwHr1TgMzF3kFASX2,705802,705802,1,1,Verificato,1
ST_FON_PAL_PaloCalcestruzzo-ST_FON_PAL_PaloCalcestruzzo_600mm,IfcPile,1Fu$HxwHr1TgMzF3kFASX3,1Fu$HxwHr1TgMzF3kFASX3,705803,705803,1,1,Verificato,1
ST_FON_PAL_PaloCalcestruzzo-ST_FON_PAL_PaloCalcestruzzo_600mm,IfcPile,1Fu$HxwHr1TgMzF3kFASX4,1Fu$HxwHr1TgMzF3kFASX4,705804,705804,1,1,Verificato,1
ST_MUR_POR_300mm_CalcestruzzoArmato,IfcWall,0f_govs7r9LBxjk3fnu0oc,0f_govs7r9LBxjk3fnu0oc,706227,706227,1,1,Verificato,1
ST_MUR_POR_300mm_CalcestruzzoArmato,IfcWall,0f_govs7r9LBxjk3fnu0oX,0f_govs7r9LBxjk3fnu0oX,706228,706228,1,1,Verificato,1
ST_MUR_POR_300mm_CalcestruzzoArmato,IfcWall,0f_govs7r9LBxjk3fnu0oW,0f_govs7r9LBxjk3fnu0oW,706229,706229,1,1,Verificato,1
ST_MUR_POR_300mm_CalcestruzzoArmato,IfcWall,0f_govs7r9LBxjk3fnu0oZ,0f_govs7r9LBxjk3fnu0oZ,706230,706230,1,1,Verificato,1
ST_PAV_GET_250mm_CalcestruzzoArmato,IfcSlab,0f_govs7r9LBxjk3fnu097,0f_govs7r9LBxjk3fnu097,706642,706642,1,1,Verificato,1
ST_MUR_POR_300mm_CalcestruzzoArmato,IfcWall,0f_govs7r9LBxjk3fnu0AF,0f_govs7r9LBxjk3fnu0AF,706714,706714,1,1,Verificato,1
ST_MUR_POR_300mm_CalcestruzzoArmato,IfcWall,0f_govs7r9LBxjk3fnu01s,0f_govs7r9LBxjk3fnu01s,707171,707171,1,1,Verificato,1
ST_MUR_POR_300mm_CalcestruzzoArmato,IfcWall,0f_govs7r9LBxjk3fnu03H,0f_govs7r9LBxjk3fnu03H,707268,707268,1,1,Verificato,1
ST_MUR_POR_300mm_CalcestruzzoArmato,IfcWall,2QVtWlakP3XwWQ0REwoUUN,2QVtWlakP3XwWQ0REwoUUN,707523,707523,1,1,Verificato,1
ST_MUR_POR_300mm_CalcestruzzoArmato,IfcWall,2QVtWlakP3XwWQ0REwoUUG,2QVtWlakP3XwWQ0REwoUUG,707524,707524,1,1,Verificato,1
ST_MUR_POR_300mm_CalcestruzzoArmato,IfcWall,2QVtWlakP3XwWQ0REwoUUH,2QVtWlakP3XwWQ0REwoUUH,707525,707525,1,1,Verificato,1
ST_MUR_POR_300mm_CalcestruzzoArmato,IfcWall,2QVtWlakP3XwWQ0REwoUUI,2QVtWlakP3XwWQ0REwoUUI,707526,707526,1,1,Verificato,1
ST_MUR_POR_300mm_CalcestruzzoArmato,IfcWall,2QVtWlakP3XwWQ0REwoU0d,2QVtWlakP3XwWQ0REwoU0d,707699,707699,1,1,Verificato,1
ST_MUR_POR_300mm_CalcestruzzoArmato,IfcWall,2QVtWlakP3XwWQ0REwoU5Z,2QVtWlakP3XwWQ0REwoU5Z,707895,707895,1,1,Verificato,1
ST_MUR_POR_300mm_CalcestruzzoArmato,IfcWall,2QVtWlakP3XwWQ0REwoU48,2QVtWlakP3XwWQ0REwoU48,707932,707932,1,1,Verificato,1
ST_PAV_GET_250mm_CalcestruzzoArmato,IfcSlab,2QVtWlakP3XwWQ0REwoU9Y,2QVtWlakP3XwWQ0REwoU9Y,708150,708150,1,1,Verificato,1
ST_MUR_POR_300mm_CalcestruzzoArmato,IfcWall,3t6Lg5dYb079g7gIxIy7Hx,3t6Lg5dYb079g7gIxIy7Hx,708832,708832,1,1,Verificato,1
ST_MUR_POR_300mm_CalcestruzzoArmato,IfcWall,3t6Lg5dYb079g7gIxIy7Hw,3t6Lg5dYb079g7gIxIy7Hw,708833,708833,1,1,Verificato,1
ST_MUR_POR_300mm_CalcestruzzoArmato,IfcWall,3t6Lg5dYb079g7gIxIy7Hv,3t6Lg5dYb079g7gIxIy7Hv,708834,708834,1,1,Verificato,1
ST_MUR_POR_300mm_CalcestruzzoArmato,IfcWall,3t6Lg5dYb079g7gIxIy7Hu,3t6Lg5dYb079g7gIxIy7Hu,708835,708835,1,1,Verificato,1
ST_MUR_POR_300mm_CalcestruzzoArmato,IfcWall,3t6Lg5dYb079g7gIxIy7KT,3t6Lg5dYb079g7gIxIy7KT,708998,708998,1,1,Verificato,1
ST_MUR_POR_300mm_CalcestruzzoArmato,IfcWall,3t6Lg5dYb079g7gIxIy7Lx,3t6Lg5dYb079g7gIxIy7Lx,709088,709088,1,1,Verificato,1
ST_PAV_GET_250mm_CalcestruzzoArmato,IfcSlab,3t6Lg5dYb079g7gIxIy73l,3t6Lg5dYb079g7gIxIy73l,709748,709748,1,1,Verificato,1
ST_MUR_POR_300mm_CalcestruzzoArmato,IfcWall,3t6Lg5dYb079g7gIxIy78K,3t6Lg5dYb079g7gIxIy78K,710287,710287,1,1,Verificato,1
ST_MUR_POR_300mm_CalcestruzzoArmato,IfcWall,3t6Lg5dYb079g7gIxIy78B,3t6Lg5dYb079g7gIxIy78B,710288,710288,1,1,Verificato,1
ST_MUR_POR_300mm_CalcestruzzoArmato,IfcWall,3t6Lg5dYb079g7gIxIy78A,3t6Lg5dYb079g7gIxIy78A,710289,710289,1,1,Verificato,1
ST_MUR_POR_300mm_CalcestruzzoArmato,IfcWall,3t6Lg5dYb079g7gIxIy789,3t6Lg5dYb079g7gIxIy789,710290,710290,1,1,Verificato,1
ST_MUR_POR_300mm_CalcestruzzoArmato,IfcWall,3t6Lg5dYb079g7gIxIy788,3t6Lg5dYb079g7gIxIy788,710291,710291,1,1,Verificato,1
ST_MUR_POR_300mm_CalcestruzzoArmato,IfcWall,3t6Lg5dYb079g7gIxIy78F,3t6Lg5dYb079g7gIxIy78F,710292,710292,1,1,Verificato,1
ST_PAV_GET_250mm_CalcestruzzoArmato,IfcSlab,3t6Lg5dYb079g7gIxIy781,3t6Lg5dYb079g7gIxIy781,710298,710298,1,1,Verificato,1
INC_TelST_TS.CA_FondazioneRettangolareMagrone-50x50,IfcFooting,0YEqxMlVH6IAAGJ5cA9bmv,0YEqxMlVH6IAAGJ5cA9bmv,711556,711556,1,1,Verificato,1
INC_TelST_TS.CA_FondazioneRettangolareMagrone-50x50,IfcFooting,0YEqxMlVH6IAAGJ5cA9bix,0YEqxMlVH6IAAGJ5cA9bix,711814,711814,1,1,Verificato,1
INC_TelST_TS.CA_FondazioneRettangolareMagrone-50x50,IfcFooting,0YEqxMlVH6IAAGJ5cA9bjk,0YEqxMlVH6IAAGJ5cA9bjk,711891,711891,1,1,Verificato,1
INC_TelST_TS.CA_FondazioneRettangolareMagrone-50x50,IfcFooting,0YEqxMlVH6IAAGJ5cA9bjY,0YEqxMlVH6IAAGJ5cA9bjY,711903,711903,1,1,Verificato,1
INC_TelST_TS.CA_FondazioneRettangolareMagrone-50x50,IfcFooting,0YEqxMlVH6IAAGJ5cA9bjN,0YEqxMlVH6IAAGJ5cA9bjN,711914,711914,1,1,Verificato,1
INC_TelST_TS.CA_FondazioneRettangolareMagrone-50x50,IfcFooting,0YEqxMlVH6IAAGJ5cA9bj8,0YEqxMlVH6IAAGJ5cA9bj8,711925,711925,1,1,Verificato,1
INC_TelST_TS.CA_FondazioneRettangolareMagrone-50x50,IfcFooting,0YEqxMlVH6IAAGJ5cA9bgz,0YEqxMlVH6IAAGJ5cA9bgz,711936,711936,1,1,Verificato,1
INC_TelST_TS.CA_FondazioneRettangolareMagrone-50x50,IfcFooting,0YEqxMlVH6IAAGJ5cA9bgs,0YEqxMlVH6IAAGJ5cA9bgs,711947,711947,1,1,Verificato,1
INC_TelST_TS.CA_FondazioneRettangolareMagrone-50x50,IfcFooting,0YEqxMlVH6IAAGJ5cA9bgh,0YEqxMlVH6IAAGJ5cA9bgh,711958,711958,1,1,Verificato,1
INC_TelST_TS.CA_FondazioneRettangolareMagrone-50x50,IfcFooting,0YEqxMlVH6IAAGJ5cA9bgS,0YEqxMlVH6IAAGJ5cA9bgS,711969,711969,1,1,Verificato,1
INC_TelST_TS.CA_FondazioneRettangolareMagrone-50x50,IfcFooting,0YEqxMlVH6IAAGJ5cA9bgH,0YEqxMlVH6IAAGJ5cA9bgH,711980,711980,1,1,Verificato,1
INC_TelST_TS.CA_FondazioneRettangolareMagrone-50x78,IfcFooting,1Z01g5Sjb7uRp1tFNbn4tF,1Z01g5Sjb7uRp1tFNbn4tF,713107,713107,1,1,Verificato,1
INC_TelST_TS.CA_FondazioneRettangolareMagrone-50x78,IfcFooting,1Z01g5Sjb7uRp1tFNbn4wR,1Z01g5Sjb7uRp1tFNbn4wR,713415,713415,1,1,Verificato,1
INC_TelST_TS.CA_FondazioneRettangolareMagrone-50x78,IfcFooting,1Z01g5Sjb7uRp1tFNbn4zH,1Z01g5Sjb7uRp1tFNbn4zH,713485,713485,1,1,Verificato,1
INC_TelST_TS.CA_FondazioneRettangolareMagrone-50x78,IfcFooting,1Z01g5Sjb7uRp1tFNbn4$I,1Z01g5Sjb7uRp1tFNbn4$I,713614,713614,1,1,Verificato,1
INC_TelST_TS.CA_Rettangolare-50x28,IfcFooting,1Z01g5Sjb7uRp1tFNbn4Xt,1Z01g5Sjb7uRp1tFNbn4Xt,713771,713771,1,1,Verificato,1
INC_TelST_TS.CA_Rettangolare-50x28,IfcFooting,1Z01g5Sjb7uRp1tFNbn4bR,1Z01g5Sjb7uRp1tFNbn4bR,713991,713991,1,1,Verificato,1
INC_TelST_TS.CA_Rettangolare-50x28,IfcFooting,1Z01g5Sjb7uRp1tFNbn4dz,1Z01g5Sjb7uRp1tFNbn4dz,714145,714145,1,1,Verificato,1
INC_TelST_TS.CA_Rettangolare-50x28,IfcFooting,1Z01g5Sjb7uRp1tFNbn4fn,1Z01g5Sjb7uRp1tFNbn4fn,714285,714285,1,1,Verificato,1
INC_TelST_TS.CA_FondazioneRettangolareMagrone-50x78,IfcFooting,1Z01g5Sjb7uRp1tFNbn4gD,1Z01g5Sjb7uRp1tFNbn4gD,714449,714449,1,1,Verificato,1
INC_TelST_TS.CA_FondazioneRettangolareMagrone-50x78,IfcFooting,1Z01g5Sjb7uRp1tFNbn4gs,1Z01g5Sjb7uRp1tFNbn4gs,714474,714474,1,1,Verificato,1
INC_TelST_TS.CA_FondazioneRettangolareMagrone-50x78,IfcFooting,1Z01g5Sjb7uRp1tFNbn4jP,1Z01g5Sjb7uRp1tFNbn4jP,714501,714501,1,1,Verificato,1
INC_TelST_TS.CA_FondazioneRettangolareMagrone-50x78,IfcFooting,1Z01g5Sjb7uRp1tFNbn4jk,1Z01g5Sjb7uRp1tFNbn4jk,714546,714546,1,1,Verificato,1
INC_TelST_TS.CA_FondazioneRettangolareMagrone-50x78,IfcFooting,1Z01g5Sjb7uRp1tFNbn4iI,1Z01g5Sjb7uRp1tFNbn4iI,714574,714574,1,1,Verificato,1
INC_TelST_TS.CA_FondazioneRettangolareMagrone-50x78,IfcFooting,1Z01g5Sjb7uRp1tFNbn4ie,1Z01g5Sjb7uRp1tFNbn4ie,714612,714612,1,1,Verificato,1
INC_TelST_TS.CA_FondazioneRettangolareMagrone-50x78,IfcFooting,1Z01g5Sjb7uRp1tFNbn4HK,1Z01g5Sjb7uRp1tFNbn4HK,714760,714760,1,1,Verificato,1
INC_TelST_TS.CA_FondazioneRettangolareMagrone-50x78,IfcFooting,1Z01g5Sjb7uRp1tFNbn4GS,1Z01g5Sjb7uRp1tFNbn4GS,714816,714816,1,1,Verificato,1
INC_TelST_TS.CA_Rettangolare-50x28,IfcFooting,1Z01g5Sjb7uRp1tFNbn4JI,1Z01g5Sjb7uRp1tFNbn4JI,714894,714894,1,1,Verificato,1
INC_TelST_TS.CA_Rettangolare-50x28,IfcFooting,1Z01g5Sjb7uRp1tFNbn4Jt,1Z01g5Sjb7uRp1tFNbn4Jt,714923,714923,1,1,Verificato,1
INC_TelST_TS.CA_Rettangolare-50x28,IfcFooting,1Z01g5Sjb7uRp1tFNbn4IG,1Z01g5Sjb7uRp1tFNbn4IG,714956,714956,1,1,Verificato,1
INC_TelST_TS.CA_Rettangolare-50x28,IfcFooting,1Z01g5Sjb7uRp1tFNbn4Ih,1Z01g5Sjb7uRp1tFNbn4Ih,714999,714999,1,1,Verificato,1
INC_TelST_TS.CA_Rettangolare-50x28,IfcFooting,1Z01g5Sjb7uRp1tFNbn4L4,1Z01g5Sjb7uRp1tFNbn4L4,715032,715032,1,1,Verificato,1
INC_TelST_TS.CA_Rettangolare-50x28,IfcFooting,1Z01g5Sjb7uRp1tFNbn4Lc,1Z01g5Sjb7uRp1tFNbn4Lc,715066,715066,1,1,Verificato,1
INC_TelST_TS.CA_Rettangolare-50x28,IfcFooting,1Z01g5Sjb7uRp1tFNbn4K3,1Z01g5Sjb7uRp1tFNbn4K3,715103,715103,1,1,Verificato,1
INC_TelST_TS.CA_Rettangolare-50x28,IfcFooting,1Z01g5Sjb7uRp1tFNbn4NS,1Z01g5Sjb7uRp1tFNbn4NS,715136,715136,1,1,Verificato,1
INC_TelST_TS.CA_Rettangolare-50x28,IfcFooting,1Z01g5Sjb7uRp1tFNbn4N1,1Z01g5Sjb7uRp1tFNbn4N1,715165,715165,1,1,Verificato,1
INC_TelST_TS.CA_Rettangolare-50x28,IfcFooting,1Z01g5Sjb7uRp1tFNbn4MS,1Z01g5Sjb7uRp1tFNbn4MS,715200,715200,1,1,Verificato,1
INC_TelST_TS.CA_FondazioneRettangolareMagrone-50x78,IfcFooting,1Z01g5Sjb7uRp1tFNbn4R_,1Z01g5Sjb7uRp1tFNbn4R_,715426,715426,1,1,Verificato,1
INC_TelST_TS.CA_FondazioneRettangolareMagrone-50x78,IfcFooting,1Z01g5Sjb7uRp1tFNbn4TL,1Z01g5Sjb7uRp1tFNbn4TL,715529,715529,1,1,Verificato,1
INC_TelST_TS.CA_FondazioneRettangolareMagrone-50x78,IfcFooting,1Z01g5Sjb7uRp1tFNbn4TZ,1Z01g5Sjb7uRp1tFNbn4TZ,715583,715583,1,1,Verificato,1
INC_TelST_TS.CA_FondazioneRettangolareMagrone-50x78,IfcFooting,1Z01g5Sjb7uRp1tFNbn4SL,1Z01g5Sjb7uRp1tFNbn4SL,715593,715593,1,1,Verificato,1
INC_TelST_TS.CA_FondazioneRettangolareMagrone-50x78,IfcFooting,1Z01g5Sjb7uRp1tFNbn4SJ,1Z01g5Sjb7uRp1tFNbn4SJ,715599,715599,1,1,Verificato,1
INC_TelST_TS.CA_FondazioneRettangolareMagrone-50x78,IfcFooting,1Z01g5Sjb7uRp1tFNbn4S5,1Z01g5Sjb7uRp1tFNbn4S5,715609,715609,1,1,Verificato,1
INC_TelST_TS.CA_FondazioneRettangolareMagrone-50x78,IfcFooting,1Z01g5Sjb7uRp1tFNbn4Sz,1Z01g5Sjb7uRp1tFNbn4Sz,715617,715617,1,1,Verificato,1
INC_TelST_TS.CA_FondazioneRettangolareMagrone-50x78,IfcFooting,1Z01g5Sjb7uRp1tFNbn4Sx,1Z01g5Sjb7uRp1tFNbn4Sx,715623,715623,1,1,Verificato,1
INC_TelST_TS.CA_FondazioneRettangolareMagrone-50x78,IfcFooting,1Z01g5Sjb7uRp1tFNbn4Sn,1Z01g5Sjb7uRp1tFNbn4Sn,715629,715629,1,1,Verificato,1
INC_TelST_TS.CA_FondazioneRettangolareMagrone-50x78,IfcFooting,1Z01g5Sjb7uRp1tFNbn4Sl,1Z01g5Sjb7uRp1tFNbn4Sl,715635,715635,1,1,Verificato,1
INC_TelST_TS.CA_Rettangolare-50x28,IfcFooting,1Z01g5Sjb7uRp1tFNbn4U5,1Z01g5Sjb7uRp1tFNbn4U5,715737,715737,1,1,Verificato,1
INC_TelST_TS.CA_Rettangolare-50x28,IfcFooting,1Z01g5Sjb7uRp1tFNbn41h,1Z01g5Sjb7uRp1tFNbn41h,715831,715831,1,1,Verificato,1
INC_TelST_TS.CA_Rettangolare-50x28,IfcFooting,1Z01g5Sjb7uRp1tFNbn43l,1Z01g5Sjb7uRp1tFNbn43l,715955,715955,1,1,Verificato,1
INC_TelST_TS.CA_Rettangolare-50x28,IfcFooting,1Z01g5Sjb7uRp1tFNbn454,1Z01g5Sjb7uRp1tFNbn454,716056,716056,1,1,Verificato,1
INC_TelST_TS.CA_Rettangolare-50x28,IfcFooting,1Z01g5Sjb7uRp1tFNbn47J,1Z01g5Sjb7uRp1tFNbn47J,716175,716175,1,1,Verificato,1
INC_TelST_TS.CA_Rettangolare-50x28,IfcFooting,1Z01g5Sjb7uRp1tFNbn46v,1Z01g5Sjb7uRp1tFNbn46v,716261,716261,1,1,Verificato,1
INC_TelST_TS.CA_Rettangolare-50x28,IfcFooting,1Z01g5Sjb7uRp1tFNbn46p,1Z01g5Sjb7uRp1tFNbn46p,716271,716271,1,1,Verificato,1
INC_TelST_TS.CA_Rettangolare-50x28,IfcFooting,1Z01g5Sjb7uRp1tFNbn46b,1Z01g5Sjb7uRp1tFNbn46b,716281,716281,1,1,Verificato,1
INC_TelST_TS.CA_Rettangolare-50x28,IfcFooting,1Z01g5Sjb7uRp1tFNbn49P,1Z01g5Sjb7uRp1tFNbn49P,716293,716293,1,1,Verificato,1
INC_TelST_TS.CA_Rettangolare-50x28,IfcFooting,1Z01g5Sjb7uRp1tFNbn49H,1Z01g5Sjb7uRp1tFNbn49H,716301,716301,1,1,Verificato,1
INC_TelST_TS.CA_Rettangolare-50x28,IfcFooting,1Z01g5Sjb7uRp1tFNbn49B,1Z01g5Sjb7uRp1tFNbn49B,716311,716311,1,1,Verificato,1
INC_TelST_TS.CA_Rettangolare-50x28,IfcFooting,1Z01g5Sjb7uRp1tFNbn49z,1Z01g5Sjb7uRp1tFNbn49z,716321,716321,1,1,Verificato,1
INC_TelST_TS.CA_FondazioneRettangolareMagrone-50x50,IfcFooting,2b53tBltj1Ih3Iv766vGLF,2b53tBltj1Ih3Iv766vGLF,716788,716788,1,1,Verificato,1
INC_TelST_TS.CA_FondazioneRettangolareMagrone-50x50,IfcFooting,2b53tBltj1Ih3Iv766vHgA,2b53tBltj1Ih3Iv766vHgA,716849,716849,1,1,Verificato,1
ST_MUR_POR_300mm_Generico,IfcWall,0UNPfbnUf0Fu259TjzT$zR,0UNPfbnUf0Fu259TjzT$zR,719643,719643,1,1,Verificato,1
ST_FON_PLA_Platea_800mm,IfcFooting,0UNPfbnUf0Fu259TjzT$W8,0UNPfbnUf0Fu259TjzT$W8,719944,719944,1,1,Verificato,1
ST_PAV_GET_100mm_Magrone,IfcSlab,0UNPfbnUf0Fu259TjzT$ZS,0UNPfbnUf0Fu259TjzT$ZS,720028,720028,1,1,Verificato,1
ST_FON_PLA_Platea_800mm,IfcFooting,0UNPfbnUf0Fu259TjzT$YG,0UNPfbnUf0Fu259TjzT$YG,720080,720080,1,1,Verificato,1
ST_PAV_GET_100mm_Magrone,IfcSlab,0UNPfbnUf0Fu259TjzT$Yb,0UNPfbnUf0Fu259TjzT$Yb,720101,720101,1,1,Verificato,1
ST_FON_PLA_Platea_800mm,IfcFooting,0UNPfbnUf0Fu259TjzT$Yw,0UNPfbnUf0Fu259TjzT$Yw,720122,720122,1,1,Verificato,1
ST_PAV_GET_100mm_Magrone,IfcSlab,0UNPfbnUf0Fu259TjzT$bp,0UNPfbnUf0Fu259TjzT$bp,720179,720179,1,1,Verificato,1
ST_FON_PLA_Platea_800mm,IfcFooting,0UNPfbnUf0Fu259TjzT$aF,0UNPfbnUf0Fu259TjzT$aF,720207,720207,1,1,Verificato,1
ST_PAV_GET_100mm_Magrone,IfcSlab,0UNPfbnUf0Fu259TjzT$aa,0UNPfbnUf0Fu259TjzT$aa,720228,720228,1,1,Verificato,1
INC_TelST_TS.CA_MensolaInclinata-CA-550x(520/200),IfcBeam,3YrX2ypZ55hglrO1xwQ9Y5,3YrX2ypZ55hglrO1xwQ9Y5,721041,721041,1,1,Verificato,1
INC_TelST_TS.CA_MensolaInclinata-CA-550x(520/200),IfcBeam,3YrX2ypZ55hglrO1xwQ9fc,3YrX2ypZ55hglrO1xwQ9fc,721522,721522,1,1,Verificato,1
INC_TelST_TS.CA_MensolaInclinata-CA-550x(520/200),IfcBeam,3YrX2ypZ55hglrO1xwQ9hk,3YrX2ypZ55hglrO1xwQ9hk,721658,721658,1,1,Verificato,1
ST_FON_PLA_Platea_800mm,IfcFooting,27po_cx6f4ug8wWWkzMbuD,27po_cx6f4ug8wWWkzMbuD,722247,722247,1,1,Verificato,1
ST_PAV_GET_100mm_Magrone,IfcSlab,1h57tgznv8jenBGf85Drxn,1h57tgznv8jenBGf85Drxn,722289,722289,1,1,Verificato,1
INC_TelST_TS.CA_MensolaInclinata-CA-550x(520/200),IfcBeam,28ENyKvvX7SfSgbRHBLIwP,28ENyKvvX7SfSgbRHBLIwP,722385,722385,1,1,Verificato,1
ST_MUR_POR_300mm_Generico,IfcWall,3za10$0XTC9vqjiJE1P$BR,3za10$0XTC9vqjiJE1P$BR,722652,722652,1,1,Verificato,1
ST_MUR_POR_300mm_Generico,IfcWall,3za10$0XTC9vqjiJE1P$C5,3za10$0XTC9vqjiJE1P$C5,722690,722690,1,1,Verificato,1
ST_MUR_POR_300mm_Generico,IfcWall,3za10$0XTC9vqjiJE1P$Ck,3za10$0XTC9vqjiJE1P$Ck,722729,722729,1,1,Verificato,1
ST_FON_PLA_Platea_1000mm,IfcFooting,0MUof21mH87gr3m1hIHWCx,0MUof21mH87gr3m1hIHWCx,725399,725399,1,1,Verificato,1
ST_PAV_GET_100mm_Magrone,IfcSlab,31h_1xPN5CCBZWOYM_yiKk,31h_1xPN5CCBZWOYM_yiKk,725720,725720,1,1,Verificato,1
INC_TelST_TS.CA_FondazioneRettangolareMagrone-50x78,IfcFooting,1UXfcwNHLFDB27iPGGLEOv,1UXfcwNHLFDB27iPGGLEOv,725784,725784,1,1,Verificato,1
INC_TelST_TS.CA_FondazioneRettangolareMagrone-50x78,IfcFooting,1UXfcwNHLFDB27iPGGLEPV,1UXfcwNHLFDB27iPGGLEPV,725886,725886,1,1,Verificato,1
ST_FON_PLA_Platea_1000mm,IfcFooting,1PONC28zLFUAadiePDphEp,1PONC28zLFUAadiePDphEp,725913,725913,1,1,Verificato,1
ST_PAV_GET_100mm_Magrone,IfcSlab,1PONC28zLFUAadiePDphF3,1PONC28zLFUAadiePDphF3,725993,725993,1,1,Verificato,1
INC_TelST_TS.CA_FondazioneRettangolareMagrone-50x78,IfcFooting,1PONC28zLFUAadiePDphHw,1PONC28zLFUAadiePDphHw,726096,726096,1,1,Verificato,1
INC_TelST_TS.CA_FondazioneRettangolareMagrone-50x50,IfcFooting,2QgqqQxGH588KfprlQey1D,2QgqqQxGH588KfprlQey1D,726166,726166,1,1,Verificato,1
INC_TelST_TS.CA_FondazioneRettangolareMagrone-50x50,IfcFooting,2QgqqQxGH588KfprlQey0p,2QgqqQxGH588KfprlQey0p,726248,726248,1,1,Verificato,1
