GUID,ID,Categoria,Famiglia e Tipo,Stato
a28f559c-fd26-4004-bdc1-0a2c433bd383-000aee8d,716429,Fondazioni strutturali,ST_FON_PLT_Testata4Pali: ST_FON_PLT_Testata4Pali_3000x3000x1000mm_D600,1
a28f559c-fd26-4004-bdc1-0a2c433bd383-000aee8e,716430,Fondazioni strutturali,ST_FON_PAL_PaloCalcestruzzo: ST_FON_PAL_PaloCalcestruzzo_600mm,1
a28f559c-fd26-4004-bdc1-0a2c433bd383-000aee8f,716431,Fondazioni strutturali,ST_FON_PAL_PaloCalcestruzzo: ST_FON_PAL_PaloCalcestruzzo_600mm,1
a28f559c-fd26-4004-bdc1-0a2c433bd383-000aee90,716432,Fondazioni strutturali,ST_FON_PAL_PaloCalcestruzzo: ST_FON_PAL_PaloCalcestruzzo_600mm,1
a28f559c-fd26-4004-bdc1-0a2c433bd383-000aee91,716433,Fondazioni strutturali,ST_FON_PAL_PaloCalcestruzzo: ST_FON_PAL_PaloCalcestruzzo_600mm,1
ea3b4e21-2f2c-43bc-8541-c103180d99c8-000aef4b,716619,Fondazioni strutturali,ST_FON_PLT_Testata4Pali: ST_FON_PLT_Testata4Pali_3000x3000x1000mm_D600,1
ea3b4e21-2f2c-43bc-8541-c103180d99c8-000aef4c,716620,Fondazioni strutturali,ST_FON_PAL_PaloCalcestruzzo: ST_FON_PAL_PaloCalcestruzzo_600mm,1
ea3b4e21-2f2c-43bc-8541-c103180d99c8-000aef4d,716621,Fondazioni strutturali,ST_FON_PAL_PaloCalcestruzzo: ST_FON_PAL_PaloCalcestruzzo_600mm,1
ea3b4e21-2f2c-43bc-8541-c103180d99c8-000aef4e,716622,Fondazioni strutturali,ST_FON_PAL_PaloCalcestruzzo: ST_FON_PAL_PaloCalcestruzzo_600mm,1
ea3b4e21-2f2c-43bc-8541-c103180d99c8-000aef4f,716623,Fondazioni strutturali,ST_FON_PAL_PaloCalcestruzzo: ST_FON_PAL_PaloCalcestruzzo_600mm,1
ea3b4e21-2f2c-43bc-8541-c103180d99c8-000aef57,716631,Fondazioni strutturali,ST_FON_PLT_Testata4Pali: ST_FON_PLT_Testata4Pali_3000x3000x1000mm_D600,1
ea3b4e21-2f2c-43bc-8541-c103180d99c8-000aef58,716632,Fondazioni strutturali,ST_FON_PAL_PaloCalcestruzzo: ST_FON_PAL_PaloCalcestruzzo_600mm,1
ea3b4e21-2f2c-43bc-8541-c103180d99c8-000aef59,716633,Fondazioni strutturali,ST_FON_PAL_PaloCalcestruzzo: ST_FON_PAL_PaloCalcestruzzo_600mm,1
ea3b4e21-2f2c-43bc-8541-c103180d99c8-000aef5a,716634,Fondazioni strutturali,ST_FON_PAL_PaloCalcestruzzo: ST_FON_PAL_PaloCalcestruzzo_600mm,1
ea3b4e21-2f2c-43bc-8541-c103180d99c8-000aef5b,716635,Fondazioni strutturali,ST_FON_PAL_PaloCalcestruzzo: ST_FON_PAL_PaloCalcestruzzo_600mm,1
ea3b4e21-2f2c-43bc-8541-c103180d99c8-000aef63,716643,Fondazioni strutturali,ST_FON_PLT_Testata4Pali: ST_FON_PLT_Testata4Pali_3000x3000x1000mm_D600,1
ea3b4e21-2f2c-43bc-8541-c103180d99c8-000aef64,716644,Fondazioni strutturali,ST_FON_PAL_PaloCalcestruzzo: ST_FON_PAL_PaloCalcestruzzo_600mm,1
ea3b4e21-2f2c-43bc-8541-c103180d99c8-000aef65,716645,Fondazioni strutturali,ST_FON_PAL_PaloCalcestruzzo: ST_FON_PAL_PaloCalcestruzzo_600mm,1
ea3b4e21-2f2c-43bc-8541-c103180d99c8-000aef66,716646,Fondazioni strutturali,ST_FON_PAL_PaloCalcestruzzo: ST_FON_PAL_PaloCalcestruzzo_600mm,1
ea3b4e21-2f2c-43bc-8541-c103180d99c8-000aef67,716647,Fondazioni strutturali,ST_FON_PAL_PaloCalcestruzzo: ST_FON_PAL_PaloCalcestruzzo_600mm,1
ea3b4e21-2f2c-43bc-8541-c103180d99c8-000aef6f,716655,Fondazioni strutturali,ST_FON_PLT_Testata4Pali: ST_FON_PLT_Testata4Pali_3000x3000x1000mm_D600,1
ea3b4e21-2f2c-43bc-8541-c103180d99c8-000aef70,716656,Fondazioni strutturali,ST_FON_PAL_PaloCalcestruzzo: ST_FON_PAL_PaloCalcestruzzo_600mm,1
ea3b4e21-2f2c-43bc-8541-c103180d99c8-000aef71,716657,Fondazioni strutturali,ST_FON_PAL_PaloCalcestruzzo: ST_FON_PAL_PaloCalcestruzzo_600mm,1
ea3b4e21-2f2c-43bc-8541-c103180d99c8-000aef72,716658,Fondazioni strutturali,ST_FON_PAL_PaloCalcestruzzo: ST_FON_PAL_PaloCalcestruzzo_600mm,1
ea3b4e21-2f2c-43bc-8541-c103180d99c8-000aef73,716659,Fondazioni strutturali,ST_FON_PAL_PaloCalcestruzzo: ST_FON_PAL_PaloCalcestruzzo_600mm,1
ea3b4e21-2f2c-43bc-8541-c103180d99c8-000aef7b,716667,Fondazioni strutturali,ST_FON_PLT_Testata4Pali: ST_FON_PLT_Testata4Pali_3000x3000x1000mm_D600,1
ea3b4e21-2f2c-43bc-8541-c103180d99c8-000aef7c,716668,Fondazioni strutturali,ST_FON_PAL_PaloCalcestruzzo: ST_FON_PAL_PaloCalcestruzzo_600mm,1
ea3b4e21-2f2c-43bc-8541-c103180d99c8-000aef7d,716669,Fondazioni strutturali,ST_FON_PAL_PaloCalcestruzzo: ST_FON_PAL_PaloCalcestruzzo_600mm,1
ea3b4e21-2f2c-43bc-8541-c103180d99c8-000aef7e,716670,Fondazioni strutturali,ST_FON_PAL_PaloCalcestruzzo: ST_FON_PAL_PaloCalcestruzzo_600mm,1
ea3b4e21-2f2c-43bc-8541-c103180d99c8-000aef7f,716671,Fondazioni strutturali,ST_FON_PAL_PaloCalcestruzzo: ST_FON_PAL_PaloCalcestruzzo_600mm,1
ea3b4e21-2f2c-43bc-8541-c103180d99c8-000aef85,716677,Fondazioni strutturali,ST_FON_PLT_Testata4Pali: ST_FON_PLT_Testata4Pali_3000x3000x1000mm_D600,1
ea3b4e21-2f2c-43bc-8541-c103180d99c8-000aef86,716678,Fondazioni strutturali,ST_FON_PAL_PaloCalcestruzzo: ST_FON_PAL_PaloCalcestruzzo_600mm,1
ea3b4e21-2f2c-43bc-8541-c103180d99c8-000aef87,716679,Fondazioni strutturali,ST_FON_PAL_PaloCalcestruzzo: ST_FON_PAL_PaloCalcestruzzo_600mm,1
ea3b4e21-2f2c-43bc-8541-c103180d99c8-000aef88,716680,Fondazioni strutturali,ST_FON_PAL_PaloCalcestruzzo: ST_FON_PAL_PaloCalcestruzzo_600mm,1
ea3b4e21-2f2c-43bc-8541-c103180d99c8-000aef89,716681,Fondazioni strutturali,ST_FON_PAL_PaloCalcestruzzo: ST_FON_PAL_PaloCalcestruzzo_600mm,1
ea3b4e21-2f2c-43bc-8541-c103180d99c8-000aefad,716717,Fondazioni strutturali,ST_FON_PLT_Testata4Pali: ST_FON_PLT_Testata4Pali_3000x3000x1000mm_D600,1
ea3b4e21-2f2c-43bc-8541-c103180d99c8-000aefae,716718,Fondazioni strutturali,ST_FON_PAL_PaloCalcestruzzo: ST_FON_PAL_PaloCalcestruzzo_600mm,1
ea3b4e21-2f2c-43bc-8541-c103180d99c8-000aefaf,716719,Fondazioni strutturali,ST_FON_PAL_PaloCalcestruzzo: ST_FON_PAL_PaloCalcestruzzo_600mm,1
ea3b4e21-2f2c-43bc-8541-c103180d99c8-000aefb0,716720,Fondazioni strutturali,ST_FON_PAL_PaloCalcestruzzo: ST_FON_PAL_PaloCalcestruzzo_600mm,1
ea3b4e21-2f2c-43bc-8541-c103180d99c8-000aefb1,716721,Fondazioni strutturali,ST_FON_PAL_PaloCalcestruzzo: ST_FON_PAL_PaloCalcestruzzo_600mm,1
ea3b4e21-2f2c-43bc-8541-c103180d99c8-000aefbb,716731,Fondazioni strutturali,ST_FON_PLT_Testata4Pali: ST_FON_PLT_Testata4Pali_3000x3000x1000mm_D600,1
ea3b4e21-2f2c-43bc-8541-c103180d99c8-000aefbc,716732,Fondazioni strutturali,ST_FON_PAL_PaloCalcestruzzo: ST_FON_PAL_PaloCalcestruzzo_600mm,1
ea3b4e21-2f2c-43bc-8541-c103180d99c8-000aefbd,716733,Fondazioni strutturali,ST_FON_PAL_PaloCalcestruzzo: ST_FON_PAL_PaloCalcestruzzo_600mm,1
ea3b4e21-2f2c-43bc-8541-c103180d99c8-000aefbe,716734,Fondazioni strutturali,ST_FON_PAL_PaloCalcestruzzo: ST_FON_PAL_PaloCalcestruzzo_600mm,1
ea3b4e21-2f2c-43bc-8541-c103180d99c8-000aefbf,716735,Fondazioni strutturali,ST_FON_PAL_PaloCalcestruzzo: ST_FON_PAL_PaloCalcestruzzo_600mm,1
ea3b4e21-2f2c-43bc-8541-c103180d99c8-000aefc5,716741,Fondazioni strutturali,ST_FON_PLT_Testata4Pali: ST_FON_PLT_Testata4Pali_3000x3000x1000mm_D600,1
ea3b4e21-2f2c-43bc-8541-c103180d99c8-000aefc6,716742,Fondazioni strutturali,ST_FON_PAL_PaloCalcestruzzo: ST_FON_PAL_PaloCalcestruzzo_600mm,1
ea3b4e21-2f2c-43bc-8541-c103180d99c8-000aefc7,716743,Fondazioni strutturali,ST_FON_PAL_PaloCalcestruzzo: ST_FON_PAL_PaloCalcestruzzo_600mm,1
ea3b4e21-2f2c-43bc-8541-c103180d99c8-000aefc8,716744,Fondazioni strutturali,ST_FON_PAL_PaloCalcestruzzo: ST_FON_PAL_PaloCalcestruzzo_600mm,1
ea3b4e21-2f2c-43bc-8541-c103180d99c8-000aefc9,716745,Fondazioni strutturali,ST_FON_PAL_PaloCalcestruzzo: ST_FON_PAL_PaloCalcestruzzo_600mm,1
ea3b4e21-2f2c-43bc-8541-c103180d99c8-000aefd5,716757,Fondazioni strutturali,ST_FON_PLT_Testata4Pali: ST_FON_PLT_Testata4Pali_3000x3000x1000mm_D600,1
ea3b4e21-2f2c-43bc-8541-c103180d99c8-000aefd6,716758,Fondazioni strutturali,ST_FON_PAL_PaloCalcestruzzo: ST_FON_PAL_PaloCalcestruzzo_600mm,1
ea3b4e21-2f2c-43bc-8541-c103180d99c8-000aefd7,716759,Fondazioni strutturali,ST_FON_PAL_PaloCalcestruzzo: ST_FON_PAL_PaloCalcestruzzo_600mm,1
ea3b4e21-2f2c-43bc-8541-c103180d99c8-000aefd8,716760,Fondazioni strutturali,ST_FON_PAL_PaloCalcestruzzo: ST_FON_PAL_PaloCalcestruzzo_600mm,1
ea3b4e21-2f2c-43bc-8541-c103180d99c8-000aefd9,716761,Fondazioni strutturali,ST_FON_PAL_PaloCalcestruzzo: ST_FON_PAL_PaloCalcestruzzo_600mm,1
ea3b4e21-2f2c-43bc-8541-c103180d99c8-000aefe1,716769,Fondazioni strutturali,ST_FON_PLT_Testata4Pali: ST_FON_PLT_Testata4Pali_3000x3000x1000mm_D600,1
ea3b4e21-2f2c-43bc-8541-c103180d99c8-000aefe2,716770,Fondazioni strutturali,ST_FON_PAL_PaloCalcestruzzo: ST_FON_PAL_PaloCalcestruzzo_600mm,1
ea3b4e21-2f2c-43bc-8541-c103180d99c8-000aefe3,716771,Fondazioni strutturali,ST_FON_PAL_PaloCalcestruzzo: ST_FON_PAL_PaloCalcestruzzo_600mm,1
ea3b4e21-2f2c-43bc-8541-c103180d99c8-000aefe4,716772,Fondazioni strutturali,ST_FON_PAL_PaloCalcestruzzo: ST_FON_PAL_PaloCalcestruzzo_600mm,1
ea3b4e21-2f2c-43bc-8541-c103180d99c8-000aefe5,716773,Fondazioni strutturali,ST_FON_PAL_PaloCalcestruzzo: ST_FON_PAL_PaloCalcestruzzo_600mm,1
ea3b4e21-2f2c-43bc-8541-c103180d99c8-000aefed,716781,Fondazioni strutturali,ST_FON_PLT_Testata4Pali: ST_FON_PLT_Testata4Pali_3000x3000x1000mm_D600,1
ea3b4e21-2f2c-43bc-8541-c103180d99c8-000aefee,716782,Fondazioni strutturali,ST_FON_PAL_PaloCalcestruzzo: ST_FON_PAL_PaloCalcestruzzo_600mm,1
ea3b4e21-2f2c-43bc-8541-c103180d99c8-000aefef,716783,Fondazioni strutturali,ST_FON_PAL_PaloCalcestruzzo: ST_FON_PAL_PaloCalcestruzzo_600mm,1
ea3b4e21-2f2c-43bc-8541-c103180d99c8-000aeff0,716784,Fondazioni strutturali,ST_FON_PAL_PaloCalcestruzzo: ST_FON_PAL_PaloCalcestruzzo_600mm,1
ea3b4e21-2f2c-43bc-8541-c103180d99c8-000aeff1,716785,Fondazioni strutturali,ST_FON_PAL_PaloCalcestruzzo: ST_FON_PAL_PaloCalcestruzzo_600mm,1
ea3b4e21-2f2c-43bc-8541-c103180d99c8-000af04d,716877,Fondazioni strutturali,ST_FON_PLT_Testata4Pali: ST_FON_PLT_Testata4Pali_3000x3000x1000mm_D600,1
ea3b4e21-2f2c-43bc-8541-c103180d99c8-000af04e,716878,Fondazioni strutturali,ST_FON_PAL_PaloCalcestruzzo: ST_FON_PAL_PaloCalcestruzzo_600mm,1
ea3b4e21-2f2c-43bc-8541-c103180d99c8-000af04f,716879,Fondazioni strutturali,ST_FON_PAL_PaloCalcestruzzo: ST_FON_PAL_PaloCalcestruzzo_600mm,1
ea3b4e21-2f2c-43bc-8541-c103180d99c8-000af050,716880,Fondazioni strutturali,ST_FON_PAL_PaloCalcestruzzo: ST_FON_PAL_PaloCalcestruzzo_600mm,1
ea3b4e21-2f2c-43bc-8541-c103180d99c8-000af051,716881,Fondazioni strutturali,ST_FON_PAL_PaloCalcestruzzo: ST_FON_PAL_PaloCalcestruzzo_600mm,1
ea3b4e21-2f2c-43bc-8541-c103180d99c8-000af079,716921,Fondazioni strutturali,ST_FON_PLT_Testata4Pali: ST_FON_PLT_Testata4Pali_3000x3000x1000mm_D600,1
ea3b4e21-2f2c-43bc-8541-c103180d99c8-000af07a,716922,Fondazioni strutturali,ST_FON_PAL_PaloCalcestruzzo: ST_FON_PAL_PaloCalcestruzzo_600mm,1
ea3b4e21-2f2c-43bc-8541-c103180d99c8-000af07b,716923,Fondazioni strutturali,ST_FON_PAL_PaloCalcestruzzo: ST_FON_PAL_PaloCalcestruzzo_600mm,1
ea3b4e21-2f2c-43bc-8541-c103180d99c8-000af07c,716924,Fondazioni strutturali,ST_FON_PAL_PaloCalcestruzzo: ST_FON_PAL_PaloCalcestruzzo_600mm,1
ea3b4e21-2f2c-43bc-8541-c103180d99c8-000af07d,716925,Fondazioni strutturali,ST_FON_PAL_PaloCalcestruzzo: ST_FON_PAL_PaloCalcestruzzo_600mm,1
ea3b4e21-2f2c-43bc-8541-c103180d99c8-000af087,716935,Fondazioni strutturali,ST_FON_PLT_Testata4Pali: ST_FON_PLT_Testata4Pali_3000x3000x1000mm_D600,1
ea3b4e21-2f2c-43bc-8541-c103180d99c8-000af088,716936,Fondazioni strutturali,ST_FON_PAL_PaloCalcestruzzo: ST_FON_PAL_PaloCalcestruzzo_600mm,1
ea3b4e21-2f2c-43bc-8541-c103180d99c8-000af089,716937,Fondazioni strutturali,ST_FON_PAL_PaloCalcestruzzo: ST_FON_PAL_PaloCalcestruzzo_600mm,1
ea3b4e21-2f2c-43bc-8541-c103180d99c8-000af08a,716938,Fondazioni strutturali,ST_FON_PAL_PaloCalcestruzzo: ST_FON_PAL_PaloCalcestruzzo_600mm,1
ea3b4e21-2f2c-43bc-8541-c103180d99c8-000af08b,716939,Fondazioni strutturali,ST_FON_PAL_PaloCalcestruzzo: ST_FON_PAL_PaloCalcestruzzo_600mm,1
ea3b4e21-2f2c-43bc-8541-c103180d99c8-000af093,716947,Fondazioni strutturali,ST_FON_PLT_Testata4Pali: ST_FON_PLT_Testata4Pali_3000x3000x1000mm_D600,1
ea3b4e21-2f2c-43bc-8541-c103180d99c8-000af094,716948,Fondazioni strutturali,ST_FON_PAL_PaloCalcestruzzo: ST_FON_PAL_PaloCalcestruzzo_600mm,1
ea3b4e21-2f2c-43bc-8541-c103180d99c8-000af095,716949,Fondazioni strutturali,ST_FON_PAL_PaloCalcestruzzo: ST_FON_PAL_PaloCalcestruzzo_600mm,1
ea3b4e21-2f2c-43bc-8541-c103180d99c8-000af096,716950,Fondazioni strutturali,ST_FON_PAL_PaloCalcestruzzo: ST_FON_PAL_PaloCalcestruzzo_600mm,1
ea3b4e21-2f2c-43bc-8541-c103180d99c8-000af097,716951,Fondazioni strutturali,ST_FON_PAL_PaloCalcestruzzo: ST_FON_PAL_PaloCalcestruzzo_600mm,1
ea3b4e21-2f2c-43bc-8541-c103180d99c8-000af09f,716959,Fondazioni strutturali,ST_FON_PLT_Testata4Pali: ST_FON_PLT_Testata4Pali_3000x3000x1000mm_D600,1
ea3b4e21-2f2c-43bc-8541-c103180d99c8-000af0a0,716960,Fondazioni strutturali,ST_FON_PAL_PaloCalcestruzzo: ST_FON_PAL_PaloCalcestruzzo_600mm,1
ea3b4e21-2f2c-43bc-8541-c103180d99c8-000af0a1,716961,Fondazioni strutturali,ST_FON_PAL_PaloCalcestruzzo: ST_FON_PAL_PaloCalcestruzzo_600mm,1
ea3b4e21-2f2c-43bc-8541-c103180d99c8-000af0a2,716962,Fondazioni strutturali,ST_FON_PAL_PaloCalcestruzzo: ST_FON_PAL_PaloCalcestruzzo_600mm,1
ea3b4e21-2f2c-43bc-8541-c103180d99c8-000af0a3,716963,Fondazioni strutturali,ST_FON_PAL_PaloCalcestruzzo: ST_FON_PAL_PaloCalcestruzzo_600mm,1
ea3b4e21-2f2c-43bc-8541-c103180d99c8-000af0ab,716971,Fondazioni strutturali,ST_FON_PLT_Testata4Pali: ST_FON_PLT_Testata4Pali_3000x3000x1000mm_D600,1
ea3b4e21-2f2c-43bc-8541-c103180d99c8-000af0ac,716972,Fondazioni strutturali,ST_FON_PAL_PaloCalcestruzzo: ST_FON_PAL_PaloCalcestruzzo_600mm,1
ea3b4e21-2f2c-43bc-8541-c103180d99c8-000af0ad,716973,Fondazioni strutturali,ST_FON_PAL_PaloCalcestruzzo: ST_FON_PAL_PaloCalcestruzzo_600mm,1
ea3b4e21-2f2c-43bc-8541-c103180d99c8-000af0ae,716974,Fondazioni strutturali,ST_FON_PAL_PaloCalcestruzzo: ST_FON_PAL_PaloCalcestruzzo_600mm,1
ea3b4e21-2f2c-43bc-8541-c103180d99c8-000af0af,716975,Fondazioni strutturali,ST_FON_PAL_PaloCalcestruzzo: ST_FON_PAL_PaloCalcestruzzo_600mm,1
ea3b4e21-2f2c-43bc-8541-c103180d99c8-000af0b9,716985,Fondazioni strutturali,ST_FON_PLT_Testata4Pali: ST_FON_PLT_Testata4Pali_3000x3000x1000mm_D600,1
ea3b4e21-2f2c-43bc-8541-c103180d99c8-000af0ba,716986,Fondazioni strutturali,ST_FON_PAL_PaloCalcestruzzo: ST_FON_PAL_PaloCalcestruzzo_600mm,1
ea3b4e21-2f2c-43bc-8541-c103180d99c8-000af0bb,716987,Fondazioni strutturali,ST_FON_PAL_PaloCalcestruzzo: ST_FON_PAL_PaloCalcestruzzo_600mm,1
ea3b4e21-2f2c-43bc-8541-c103180d99c8-000af0bc,716988,Fondazioni strutturali,ST_FON_PAL_PaloCalcestruzzo: ST_FON_PAL_PaloCalcestruzzo_600mm,1
ea3b4e21-2f2c-43bc-8541-c103180d99c8-000af0bd,716989,Fondazioni strutturali,ST_FON_PAL_PaloCalcestruzzo: ST_FON_PAL_PaloCalcestruzzo_600mm,1
ea3b4e21-2f2c-43bc-8541-c103180d99c8-000af0c7,716999,Fondazioni strutturali,ST_FON_PLT_Testata4Pali: ST_FON_PLT_Testata4Pali_3000x3000x1000mm_D600,1
ea3b4e21-2f2c-43bc-8541-c103180d99c8-000af0c8,717000,Fondazioni strutturali,ST_FON_PAL_PaloCalcestruzzo: ST_FON_PAL_PaloCalcestruzzo_600mm,1
ea3b4e21-2f2c-43bc-8541-c103180d99c8-000af0c9,717001,Fondazioni strutturali,ST_FON_PAL_PaloCalcestruzzo: ST_FON_PAL_PaloCalcestruzzo_600mm,1
ea3b4e21-2f2c-43bc-8541-c103180d99c8-000af0ca,717002,Fondazioni strutturali,ST_FON_PAL_PaloCalcestruzzo: ST_FON_PAL_PaloCalcestruzzo_600mm,1
ea3b4e21-2f2c-43bc-8541-c103180d99c8-000af0cb,717003,Fondazioni strutturali,ST_FON_PAL_PaloCalcestruzzo: ST_FON_PAL_PaloCalcestruzzo_600mm,1
ea3b4e21-2f2c-43bc-8541-c103180d99c8-000af0d5,717013,Fondazioni strutturali,ST_FON_PLT_Testata4Pali: ST_FON_PLT_Testata4Pali_3000x3000x1000mm_D600,1
ea3b4e21-2f2c-43bc-8541-c103180d99c8-000af0d6,717014,Fondazioni strutturali,ST_FON_PAL_PaloCalcestruzzo: ST_FON_PAL_PaloCalcestruzzo_600mm,1
ea3b4e21-2f2c-43bc-8541-c103180d99c8-000af0d7,717015,Fondazioni strutturali,ST_FON_PAL_PaloCalcestruzzo: ST_FON_PAL_PaloCalcestruzzo_600mm,1
ea3b4e21-2f2c-43bc-8541-c103180d99c8-000af0d8,717016,Fondazioni strutturali,ST_FON_PAL_PaloCalcestruzzo: ST_FON_PAL_PaloCalcestruzzo_600mm,1
ea3b4e21-2f2c-43bc-8541-c103180d99c8-000af0d9,717017,Fondazioni strutturali,ST_FON_PAL_PaloCalcestruzzo: ST_FON_PAL_PaloCalcestruzzo_600mm,1
ea3b4e21-2f2c-43bc-8541-c103180d99c8-000af0e3,717027,Fondazioni strutturali,ST_FON_PLT_Testata4Pali: ST_FON_PLT_Testata4Pali_3000x3000x1000mm_D600,1
ea3b4e21-2f2c-43bc-8541-c103180d99c8-000af0e4,717028,Fondazioni strutturali,ST_FON_PAL_PaloCalcestruzzo: ST_FON_PAL_PaloCalcestruzzo_600mm,1
ea3b4e21-2f2c-43bc-8541-c103180d99c8-000af0e5,717029,Fondazioni strutturali,ST_FON_PAL_PaloCalcestruzzo: ST_FON_PAL_PaloCalcestruzzo_600mm,1
ea3b4e21-2f2c-43bc-8541-c103180d99c8-000af0e6,717030,Fondazioni strutturali,ST_FON_PAL_PaloCalcestruzzo: ST_FON_PAL_PaloCalcestruzzo_600mm,1
ea3b4e21-2f2c-43bc-8541-c103180d99c8-000af0e7,717031,Fondazioni strutturali,ST_FON_PAL_PaloCalcestruzzo: ST_FON_PAL_PaloCalcestruzzo_600mm,1
ea3b4e21-2f2c-43bc-8541-c103180d99c8-000af0f1,717041,Fondazioni strutturali,ST_FON_PLT_Testata4Pali: ST_FON_PLT_Testata4Pali_3000x3000x1000mm_D600,1
ea3b4e21-2f2c-43bc-8541-c103180d99c8-000af0f2,717042,Fondazioni strutturali,ST_FON_PAL_PaloCalcestruzzo: ST_FON_PAL_PaloCalcestruzzo_600mm,1
ea3b4e21-2f2c-43bc-8541-c103180d99c8-000af0f3,717043,Fondazioni strutturali,ST_FON_PAL_PaloCalcestruzzo: ST_FON_PAL_PaloCalcestruzzo_600mm,1
ea3b4e21-2f2c-43bc-8541-c103180d99c8-000af0f4,717044,Fondazioni strutturali,ST_FON_PAL_PaloCalcestruzzo: ST_FON_PAL_PaloCalcestruzzo_600mm,1
ea3b4e21-2f2c-43bc-8541-c103180d99c8-000af0f5,717045,Fondazioni strutturali,ST_FON_PAL_PaloCalcestruzzo: ST_FON_PAL_PaloCalcestruzzo_600mm,1
ea3b4e21-2f2c-43bc-8541-c103180d99c8-000af117,717079,Fondazioni strutturali,ST_FON_PLT_Testata4Pali: ST_FON_PLT_Testata4Pali_3000x3000x1000mm_D600,1
ea3b4e21-2f2c-43bc-8541-c103180d99c8-000af118,717080,Fondazioni strutturali,ST_FON_PAL_PaloCalcestruzzo: ST_FON_PAL_PaloCalcestruzzo_600mm,1
ea3b4e21-2f2c-43bc-8541-c103180d99c8-000af119,717081,Fondazioni strutturali,ST_FON_PAL_PaloCalcestruzzo: ST_FON_PAL_PaloCalcestruzzo_600mm,1
ea3b4e21-2f2c-43bc-8541-c103180d99c8-000af11a,717082,Fondazioni strutturali,ST_FON_PAL_PaloCalcestruzzo: ST_FON_PAL_PaloCalcestruzzo_600mm,1
ea3b4e21-2f2c-43bc-8541-c103180d99c8-000af11b,717083,Fondazioni strutturali,ST_FON_PAL_PaloCalcestruzzo: ST_FON_PAL_PaloCalcestruzzo_600mm,1
ea3b4e21-2f2c-43bc-8541-c103180d99c8-000af123,717091,Fondazioni strutturali,ST_FON_PLT_Testata4Pali: ST_FON_PLT_Testata4Pali_3000x3000x1000mm_D600,1
ea3b4e21-2f2c-43bc-8541-c103180d99c8-000af124,717092,Fondazioni strutturali,ST_FON_PAL_PaloCalcestruzzo: ST_FON_PAL_PaloCalcestruzzo_600mm,1
ea3b4e21-2f2c-43bc-8541-c103180d99c8-000af125,717093,Fondazioni strutturali,ST_FON_PAL_PaloCalcestruzzo: ST_FON_PAL_PaloCalcestruzzo_600mm,1
ea3b4e21-2f2c-43bc-8541-c103180d99c8-000af126,717094,Fondazioni strutturali,ST_FON_PAL_PaloCalcestruzzo: ST_FON_PAL_PaloCalcestruzzo_600mm,1
ea3b4e21-2f2c-43bc-8541-c103180d99c8-000af127,717095,Fondazioni strutturali,ST_FON_PAL_PaloCalcestruzzo: ST_FON_PAL_PaloCalcestruzzo_600mm,1
ea3b4e21-2f2c-43bc-8541-c103180d99c8-000af12f,717103,Fondazioni strutturali,ST_FON_PLT_Testata4Pali: ST_FON_PLT_Testata4Pali_3000x3000x1000mm_D600,1
ea3b4e21-2f2c-43bc-8541-c103180d99c8-000af130,717104,Fondazioni strutturali,ST_FON_PAL_PaloCalcestruzzo: ST_FON_PAL_PaloCalcestruzzo_600mm,1
ea3b4e21-2f2c-43bc-8541-c103180d99c8-000af131,717105,Fondazioni strutturali,ST_FON_PAL_PaloCalcestruzzo: ST_FON_PAL_PaloCalcestruzzo_600mm,1
ea3b4e21-2f2c-43bc-8541-c103180d99c8-000af132,717106,Fondazioni strutturali,ST_FON_PAL_PaloCalcestruzzo: ST_FON_PAL_PaloCalcestruzzo_600mm,1
ea3b4e21-2f2c-43bc-8541-c103180d99c8-000af133,717107,Fondazioni strutturali,ST_FON_PAL_PaloCalcestruzzo: ST_FON_PAL_PaloCalcestruzzo_600mm,1
ea3b4e21-2f2c-43bc-8541-c103180d99c8-000af13b,717115,Fondazioni strutturali,ST_FON_PLT_Testata4Pali: ST_FON_PLT_Testata4Pali_3000x3000x1000mm_D600,1
ea3b4e21-2f2c-43bc-8541-c103180d99c8-000af13c,717116,Fondazioni strutturali,ST_FON_PAL_PaloCalcestruzzo: ST_FON_PAL_PaloCalcestruzzo_600mm,1
ea3b4e21-2f2c-43bc-8541-c103180d99c8-000af13d,717117,Fondazioni strutturali,ST_FON_PAL_PaloCalcestruzzo: ST_FON_PAL_PaloCalcestruzzo_600mm,1
ea3b4e21-2f2c-43bc-8541-c103180d99c8-000af13e,717118,Fondazioni strutturali,ST_FON_PAL_PaloCalcestruzzo: ST_FON_PAL_PaloCalcestruzzo_600mm,1
ea3b4e21-2f2c-43bc-8541-c103180d99c8-000af13f,717119,Fondazioni strutturali,ST_FON_PAL_PaloCalcestruzzo: ST_FON_PAL_PaloCalcestruzzo_600mm,1
ea3b4e21-2f2c-43bc-8541-c103180d99c8-000af147,717127,Fondazioni strutturali,ST_FON_PLT_Testata4Pali: ST_FON_PLT_Testata4Pali_3000x3000x1000mm_D600,1
ea3b4e21-2f2c-43bc-8541-c103180d99c8-000af148,717128,Fondazioni strutturali,ST_FON_PAL_PaloCalcestruzzo: ST_FON_PAL_PaloCalcestruzzo_600mm,1
ea3b4e21-2f2c-43bc-8541-c103180d99c8-000af149,717129,Fondazioni strutturali,ST_FON_PAL_PaloCalcestruzzo: ST_FON_PAL_PaloCalcestruzzo_600mm,1
ea3b4e21-2f2c-43bc-8541-c103180d99c8-000af14a,717130,Fondazioni strutturali,ST_FON_PAL_PaloCalcestruzzo: ST_FON_PAL_PaloCalcestruzzo_600mm,1
ea3b4e21-2f2c-43bc-8541-c103180d99c8-000af14b,717131,Fondazioni strutturali,ST_FON_PAL_PaloCalcestruzzo: ST_FON_PAL_PaloCalcestruzzo_600mm,1
ea3b4e21-2f2c-43bc-8541-c103180d99c8-000af153,717139,Fondazioni strutturali,ST_FON_PLT_Testata4Pali: ST_FON_PLT_Testata4Pali_3000x3000x1000mm_D600,1
ea3b4e21-2f2c-43bc-8541-c103180d99c8-000af154,717140,Fondazioni strutturali,ST_FON_PAL_PaloCalcestruzzo: ST_FON_PAL_PaloCalcestruzzo_600mm,1
ea3b4e21-2f2c-43bc-8541-c103180d99c8-000af155,717141,Fondazioni strutturali,ST_FON_PAL_PaloCalcestruzzo: ST_FON_PAL_PaloCalcestruzzo_600mm,1
ea3b4e21-2f2c-43bc-8541-c103180d99c8-000af156,717142,Fondazioni strutturali,ST_FON_PAL_PaloCalcestruzzo: ST_FON_PAL_PaloCalcestruzzo_600mm,1
ea3b4e21-2f2c-43bc-8541-c103180d99c8-000af157,717143,Fondazioni strutturali,ST_FON_PAL_PaloCalcestruzzo: ST_FON_PAL_PaloCalcestruzzo_600mm,1
ea3b4e21-2f2c-43bc-8541-c103180d99c8-000af15f,717151,Fondazioni strutturali,ST_FON_PLT_Testata4Pali: ST_FON_PLT_Testata4Pali_3000x3000x1000mm_D600,1
ea3b4e21-2f2c-43bc-8541-c103180d99c8-000af160,717152,Fondazioni strutturali,ST_FON_PAL_PaloCalcestruzzo: ST_FON_PAL_PaloCalcestruzzo_600mm,1
ea3b4e21-2f2c-43bc-8541-c103180d99c8-000af161,717153,Fondazioni strutturali,ST_FON_PAL_PaloCalcestruzzo: ST_FON_PAL_PaloCalcestruzzo_600mm,1
ea3b4e21-2f2c-43bc-8541-c103180d99c8-000af162,717154,Fondazioni strutturali,ST_FON_PAL_PaloCalcestruzzo: ST_FON_PAL_PaloCalcestruzzo_600mm,1
ea3b4e21-2f2c-43bc-8541-c103180d99c8-000af163,717155,Fondazioni strutturali,ST_FON_PAL_PaloCalcestruzzo: ST_FON_PAL_PaloCalcestruzzo_600mm,1
ea3b4e21-2f2c-43bc-8541-c103180d99c8-000af1f4,717300,Fondazioni strutturali,ST_FON_PLT_Testata4Pali: ST_FON_PLT_Testata4Pali_3000x3000x1000mm_D600,1
ea3b4e21-2f2c-43bc-8541-c103180d99c8-000af1f5,717301,Fondazioni strutturali,ST_FON_PAL_PaloCalcestruzzo: ST_FON_PAL_PaloCalcestruzzo_600mm,1
ea3b4e21-2f2c-43bc-8541-c103180d99c8-000af1f6,717302,Fondazioni strutturali,ST_FON_PAL_PaloCalcestruzzo: ST_FON_PAL_PaloCalcestruzzo_600mm,1
ea3b4e21-2f2c-43bc-8541-c103180d99c8-000af1f7,717303,Fondazioni strutturali,ST_FON_PAL_PaloCalcestruzzo: ST_FON_PAL_PaloCalcestruzzo_600mm,1
ea3b4e21-2f2c-43bc-8541-c103180d99c8-000af1f8,717304,Fondazioni strutturali,ST_FON_PAL_PaloCalcestruzzo: ST_FON_PAL_PaloCalcestruzzo_600mm,1
ea3b4e21-2f2c-43bc-8541-c103180d99c8-000af21a,717338,Fondazioni strutturali,ST_FON_PLT_Testata4Pali: ST_FON_PLT_Testata4Pali_3000x3000x1000mm_D600,1
ea3b4e21-2f2c-43bc-8541-c103180d99c8-000af21b,717339,Fondazioni strutturali,ST_FON_PAL_PaloCalcestruzzo: ST_FON_PAL_PaloCalcestruzzo_600mm,1
ea3b4e21-2f2c-43bc-8541-c103180d99c8-000af21c,717340,Fondazioni strutturali,ST_FON_PAL_PaloCalcestruzzo: ST_FON_PAL_PaloCalcestruzzo_600mm,1
ea3b4e21-2f2c-43bc-8541-c103180d99c8-000af21d,717341,Fondazioni strutturali,ST_FON_PAL_PaloCalcestruzzo: ST_FON_PAL_PaloCalcestruzzo_600mm,1
ea3b4e21-2f2c-43bc-8541-c103180d99c8-000af21e,717342,Fondazioni strutturali,ST_FON_PAL_PaloCalcestruzzo: ST_FON_PAL_PaloCalcestruzzo_600mm,1
ea3b4e21-2f2c-43bc-8541-c103180d99c8-000af226,717350,Fondazioni strutturali,ST_FON_PLT_Testata4Pali: ST_FON_PLT_Testata4Pali_3000x3000x1000mm_D600,1
ea3b4e21-2f2c-43bc-8541-c103180d99c8-000af227,717351,Fondazioni strutturali,ST_FON_PAL_PaloCalcestruzzo: ST_FON_PAL_PaloCalcestruzzo_600mm,1
ea3b4e21-2f2c-43bc-8541-c103180d99c8-000af228,717352,Fondazioni strutturali,ST_FON_PAL_PaloCalcestruzzo: ST_FON_PAL_PaloCalcestruzzo_600mm,1
ea3b4e21-2f2c-43bc-8541-c103180d99c8-000af229,717353,Fondazioni strutturali,ST_FON_PAL_PaloCalcestruzzo: ST_FON_PAL_PaloCalcestruzzo_600mm,1
ea3b4e21-2f2c-43bc-8541-c103180d99c8-000af22a,717354,Fondazioni strutturali,ST_FON_PAL_PaloCalcestruzzo: ST_FON_PAL_PaloCalcestruzzo_600mm,1
ea3b4e21-2f2c-43bc-8541-c103180d99c8-000af23c,717372,Fondazioni strutturali,ST_FON_PLT_Testata4Pali: ST_FON_PLT_Testata4Pali_3000x3000x1000mm_D600,1
ea3b4e21-2f2c-43bc-8541-c103180d99c8-000af23d,717373,Fondazioni strutturali,ST_FON_PAL_PaloCalcestruzzo: ST_FON_PAL_PaloCalcestruzzo_600mm,1
ea3b4e21-2f2c-43bc-8541-c103180d99c8-000af23e,717374,Fondazioni strutturali,ST_FON_PAL_PaloCalcestruzzo: ST_FON_PAL_PaloCalcestruzzo_600mm,1
ea3b4e21-2f2c-43bc-8541-c103180d99c8-000af23f,717375,Fondazioni strutturali,ST_FON_PAL_PaloCalcestruzzo: ST_FON_PAL_PaloCalcestruzzo_600mm,1
ea3b4e21-2f2c-43bc-8541-c103180d99c8-000af240,717376,Fondazioni strutturali,ST_FON_PAL_PaloCalcestruzzo: ST_FON_PAL_PaloCalcestruzzo_600mm,1
ea3b4e21-2f2c-43bc-8541-c103180d99c8-000af254,717396,Fondazioni strutturali,ST_FON_PLT_Testata4Pali: ST_FON_PLT_Testata4Pali_3000x3000x1000mm_D600,1
ea3b4e21-2f2c-43bc-8541-c103180d99c8-000af255,717397,Fondazioni strutturali,ST_FON_PAL_PaloCalcestruzzo: ST_FON_PAL_PaloCalcestruzzo_600mm,1
ea3b4e21-2f2c-43bc-8541-c103180d99c8-000af256,717398,Fondazioni strutturali,ST_FON_PAL_PaloCalcestruzzo: ST_FON_PAL_PaloCalcestruzzo_600mm,1
ea3b4e21-2f2c-43bc-8541-c103180d99c8-000af257,717399,Fondazioni strutturali,ST_FON_PAL_PaloCalcestruzzo: ST_FON_PAL_PaloCalcestruzzo_600mm,1
ea3b4e21-2f2c-43bc-8541-c103180d99c8-000af258,717400,Fondazioni strutturali,ST_FON_PAL_PaloCalcestruzzo: ST_FON_PAL_PaloCalcestruzzo_600mm,1
ea3b4e21-2f2c-43bc-8541-c103180d99c8-000af262,717410,Fondazioni strutturali,ST_FON_PLT_Testata4Pali: ST_FON_PLT_Testata4Pali_3000x3000x1000mm_D600,1
ea3b4e21-2f2c-43bc-8541-c103180d99c8-000af263,717411,Fondazioni strutturali,ST_FON_PAL_PaloCalcestruzzo: ST_FON_PAL_PaloCalcestruzzo_600mm,1
ea3b4e21-2f2c-43bc-8541-c103180d99c8-000af264,717412,Fondazioni strutturali,ST_FON_PAL_PaloCalcestruzzo: ST_FON_PAL_PaloCalcestruzzo_600mm,1
ea3b4e21-2f2c-43bc-8541-c103180d99c8-000af265,717413,Fondazioni strutturali,ST_FON_PAL_PaloCalcestruzzo: ST_FON_PAL_PaloCalcestruzzo_600mm,1
ea3b4e21-2f2c-43bc-8541-c103180d99c8-000af266,717414,Fondazioni strutturali,ST_FON_PAL_PaloCalcestruzzo: ST_FON_PAL_PaloCalcestruzzo_600mm,1
ea3b4e21-2f2c-43bc-8541-c103180d99c8-000af26e,717422,Fondazioni strutturali,ST_FON_PLT_Testata4Pali: ST_FON_PLT_Testata4Pali_3000x3000x1000mm_D600,1
ea3b4e21-2f2c-43bc-8541-c103180d99c8-000af26f,717423,Fondazioni strutturali,ST_FON_PAL_PaloCalcestruzzo: ST_FON_PAL_PaloCalcestruzzo_600mm,1
ea3b4e21-2f2c-43bc-8541-c103180d99c8-000af270,717424,Fondazioni strutturali,ST_FON_PAL_PaloCalcestruzzo: ST_FON_PAL_PaloCalcestruzzo_600mm,1
ea3b4e21-2f2c-43bc-8541-c103180d99c8-000af271,717425,Fondazioni strutturali,ST_FON_PAL_PaloCalcestruzzo: ST_FON_PAL_PaloCalcestruzzo_600mm,1
ea3b4e21-2f2c-43bc-8541-c103180d99c8-000af272,717426,Fondazioni strutturali,ST_FON_PAL_PaloCalcestruzzo: ST_FON_PAL_PaloCalcestruzzo_600mm,1
ea3b4e21-2f2c-43bc-8541-c103180d99c8-000af27c,717436,Fondazioni strutturali,ST_FON_PLT_Testata4Pali: ST_FON_PLT_Testata4Pali_3000x3000x1000mm_D600,1
ea3b4e21-2f2c-43bc-8541-c103180d99c8-000af27d,717437,Fondazioni strutturali,ST_FON_PAL_PaloCalcestruzzo: ST_FON_PAL_PaloCalcestruzzo_600mm,1
ea3b4e21-2f2c-43bc-8541-c103180d99c8-000af27e,717438,Fondazioni strutturali,ST_FON_PAL_PaloCalcestruzzo: ST_FON_PAL_PaloCalcestruzzo_600mm,1
ea3b4e21-2f2c-43bc-8541-c103180d99c8-000af27f,717439,Fondazioni strutturali,ST_FON_PAL_PaloCalcestruzzo: ST_FON_PAL_PaloCalcestruzzo_600mm,1
ea3b4e21-2f2c-43bc-8541-c103180d99c8-000af280,717440,Fondazioni strutturali,ST_FON_PAL_PaloCalcestruzzo: ST_FON_PAL_PaloCalcestruzzo_600mm,1
ea3b4e21-2f2c-43bc-8541-c103180d99c8-000af28c,717452,Fondazioni strutturali,ST_FON_PLT_Testata4Pali: ST_FON_PLT_Testata4Pali_3000x3000x1000mm_D600,1
ea3b4e21-2f2c-43bc-8541-c103180d99c8-000af28d,717453,Fondazioni strutturali,ST_FON_PAL_PaloCalcestruzzo: ST_FON_PAL_PaloCalcestruzzo_600mm,1
ea3b4e21-2f2c-43bc-8541-c103180d99c8-000af28e,717454,Fondazioni strutturali,ST_FON_PAL_PaloCalcestruzzo: ST_FON_PAL_PaloCalcestruzzo_600mm,1
ea3b4e21-2f2c-43bc-8541-c103180d99c8-000af28f,717455,Fondazioni strutturali,ST_FON_PAL_PaloCalcestruzzo: ST_FON_PAL_PaloCalcestruzzo_600mm,1
ea3b4e21-2f2c-43bc-8541-c103180d99c8-000af290,717456,Fondazioni strutturali,ST_FON_PAL_PaloCalcestruzzo: ST_FON_PAL_PaloCalcestruzzo_600mm,1
ea3b4e21-2f2c-43bc-8541-c103180d99c8-000af298,717464,Fondazioni strutturali,ST_FON_PLT_Testata4Pali: ST_FON_PLT_Testata4Pali_3000x3000x1000mm_D600,1
ea3b4e21-2f2c-43bc-8541-c103180d99c8-000af299,717465,Fondazioni strutturali,ST_FON_PAL_PaloCalcestruzzo: ST_FON_PAL_PaloCalcestruzzo_600mm,1
ea3b4e21-2f2c-43bc-8541-c103180d99c8-000af29a,717466,Fondazioni strutturali,ST_FON_PAL_PaloCalcestruzzo: ST_FON_PAL_PaloCalcestruzzo_600mm,1
ea3b4e21-2f2c-43bc-8541-c103180d99c8-000af29b,717467,Fondazioni strutturali,ST_FON_PAL_PaloCalcestruzzo: ST_FON_PAL_PaloCalcestruzzo_600mm,1
ea3b4e21-2f2c-43bc-8541-c103180d99c8-000af29c,717468,Fondazioni strutturali,ST_FON_PAL_PaloCalcestruzzo: ST_FON_PAL_PaloCalcestruzzo_600mm,1
ea3b4e21-2f2c-43bc-8541-c103180d99c8-000af2a6,717478,Fondazioni strutturali,ST_FON_PLT_Testata4Pali: ST_FON_PLT_Testata4Pali_3000x3000x1000mm_D600,1
ea3b4e21-2f2c-43bc-8541-c103180d99c8-000af2a7,717479,Fondazioni strutturali,ST_FON_PAL_PaloCalcestruzzo: ST_FON_PAL_PaloCalcestruzzo_600mm,1
ea3b4e21-2f2c-43bc-8541-c103180d99c8-000af2a8,717480,Fondazioni strutturali,ST_FON_PAL_PaloCalcestruzzo: ST_FON_PAL_PaloCalcestruzzo_600mm,1
ea3b4e21-2f2c-43bc-8541-c103180d99c8-000af2a9,717481,Fondazioni strutturali,ST_FON_PAL_PaloCalcestruzzo: ST_FON_PAL_PaloCalcestruzzo_600mm,1
ea3b4e21-2f2c-43bc-8541-c103180d99c8-000af2aa,717482,Fondazioni strutturali,ST_FON_PAL_PaloCalcestruzzo: ST_FON_PAL_PaloCalcestruzzo_600mm,1
ea3b4e21-2f2c-43bc-8541-c103180d99c8-000af2b0,717488,Fondazioni strutturali,ST_FON_PLT_Testata4Pali: ST_FON_PLT_Testata4Pali_3000x3000x1000mm_D600,1
ea3b4e21-2f2c-43bc-8541-c103180d99c8-000af2b1,717489,Fondazioni strutturali,ST_FON_PAL_PaloCalcestruzzo: ST_FON_PAL_PaloCalcestruzzo_600mm,1
ea3b4e21-2f2c-43bc-8541-c103180d99c8-000af2b2,717490,Fondazioni strutturali,ST_FON_PAL_PaloCalcestruzzo: ST_FON_PAL_PaloCalcestruzzo_600mm,1
ea3b4e21-2f2c-43bc-8541-c103180d99c8-000af2b3,717491,Fondazioni strutturali,ST_FON_PAL_PaloCalcestruzzo: ST_FON_PAL_PaloCalcestruzzo_600mm,1
ea3b4e21-2f2c-43bc-8541-c103180d99c8-000af2b4,717492,Fondazioni strutturali,ST_FON_PAL_PaloCalcestruzzo: ST_FON_PAL_PaloCalcestruzzo_600mm,1
ea3b4e21-2f2c-43bc-8541-c103180d99c8-000af2c0,717504,Fondazioni strutturali,ST_FON_PLT_Testata4Pali: ST_FON_PLT_Testata4Pali_3000x3000x1000mm_D600,1
ea3b4e21-2f2c-43bc-8541-c103180d99c8-000af2c1,717505,Fondazioni strutturali,ST_FON_PAL_PaloCalcestruzzo: ST_FON_PAL_PaloCalcestruzzo_600mm,1
ea3b4e21-2f2c-43bc-8541-c103180d99c8-000af2c2,717506,Fondazioni strutturali,ST_FON_PAL_PaloCalcestruzzo: ST_FON_PAL_PaloCalcestruzzo_600mm,1
ea3b4e21-2f2c-43bc-8541-c103180d99c8-000af2c3,717507,Fondazioni strutturali,ST_FON_PAL_PaloCalcestruzzo: ST_FON_PAL_PaloCalcestruzzo_600mm,1
ea3b4e21-2f2c-43bc-8541-c103180d99c8-000af2c4,717508,Fondazioni strutturali,ST_FON_PAL_PaloCalcestruzzo: ST_FON_PAL_PaloCalcestruzzo_600mm,1
ea3b4e21-2f2c-43bc-8541-c103180d99c8-000af2cc,717516,Fondazioni strutturali,ST_FON_PLT_Testata4Pali: ST_FON_PLT_Testata4Pali_3000x3000x1000mm_D600,1
ea3b4e21-2f2c-43bc-8541-c103180d99c8-000af2cd,717517,Fondazioni strutturali,ST_FON_PAL_PaloCalcestruzzo: ST_FON_PAL_PaloCalcestruzzo_600mm,1
ea3b4e21-2f2c-43bc-8541-c103180d99c8-000af2ce,717518,Fondazioni strutturali,ST_FON_PAL_PaloCalcestruzzo: ST_FON_PAL_PaloCalcestruzzo_600mm,1
ea3b4e21-2f2c-43bc-8541-c103180d99c8-000af2cf,717519,Fondazioni strutturali,ST_FON_PAL_PaloCalcestruzzo: ST_FON_PAL_PaloCalcestruzzo_600mm,1
ea3b4e21-2f2c-43bc-8541-c103180d99c8-000af2d0,717520,Fondazioni strutturali,ST_FON_PAL_PaloCalcestruzzo: ST_FON_PAL_PaloCalcestruzzo_600mm,1
ea3b4e21-2f2c-43bc-8541-c103180d99c8-000af2da,717530,Fondazioni strutturali,ST_FON_PLT_Testata4Pali: ST_FON_PLT_Testata4Pali_3000x3000x1000mm_D600,1
ea3b4e21-2f2c-43bc-8541-c103180d99c8-000af2db,717531,Fondazioni strutturali,ST_FON_PAL_PaloCalcestruzzo: ST_FON_PAL_PaloCalcestruzzo_600mm,1
ea3b4e21-2f2c-43bc-8541-c103180d99c8-000af2dc,717532,Fondazioni strutturali,ST_FON_PAL_PaloCalcestruzzo: ST_FON_PAL_PaloCalcestruzzo_600mm,1
ea3b4e21-2f2c-43bc-8541-c103180d99c8-000af2dd,717533,Fondazioni strutturali,ST_FON_PAL_PaloCalcestruzzo: ST_FON_PAL_PaloCalcestruzzo_600mm,1
ea3b4e21-2f2c-43bc-8541-c103180d99c8-000af2de,717534,Fondazioni strutturali,ST_FON_PAL_PaloCalcestruzzo: ST_FON_PAL_PaloCalcestruzzo_600mm,1
ea3b4e21-2f2c-43bc-8541-c103180d99c8-000af2f2,717554,Fondazioni strutturali,ST_FON_PLT_Testata4Pali: ST_FON_PLT_Testata4Pali_3000x3000x1000mm_D600,1
ea3b4e21-2f2c-43bc-8541-c103180d99c8-000af2f3,717555,Fondazioni strutturali,ST_FON_PAL_PaloCalcestruzzo: ST_FON_PAL_PaloCalcestruzzo_600mm,1
ea3b4e21-2f2c-43bc-8541-c103180d99c8-000af2f4,717556,Fondazioni strutturali,ST_FON_PAL_PaloCalcestruzzo: ST_FON_PAL_PaloCalcestruzzo_600mm,1
ea3b4e21-2f2c-43bc-8541-c103180d99c8-000af2f5,717557,Fondazioni strutturali,ST_FON_PAL_PaloCalcestruzzo: ST_FON_PAL_PaloCalcestruzzo_600mm,1
ea3b4e21-2f2c-43bc-8541-c103180d99c8-000af2f6,717558,Fondazioni strutturali,ST_FON_PAL_PaloCalcestruzzo: ST_FON_PAL_PaloCalcestruzzo_600mm,1
ea3b4e21-2f2c-43bc-8541-c103180d99c8-000af2fc,717564,Fondazioni strutturali,ST_FON_PLT_Testata4Pali: ST_FON_PLT_Testata4Pali_3000x3000x1000mm_D600,1
ea3b4e21-2f2c-43bc-8541-c103180d99c8-000af2fd,717565,Fondazioni strutturali,ST_FON_PAL_PaloCalcestruzzo: ST_FON_PAL_PaloCalcestruzzo_600mm,1
ea3b4e21-2f2c-43bc-8541-c103180d99c8-000af2fe,717566,Fondazioni strutturali,ST_FON_PAL_PaloCalcestruzzo: ST_FON_PAL_PaloCalcestruzzo_600mm,1
ea3b4e21-2f2c-43bc-8541-c103180d99c8-000af2ff,717567,Fondazioni strutturali,ST_FON_PAL_PaloCalcestruzzo: ST_FON_PAL_PaloCalcestruzzo_600mm,1
ea3b4e21-2f2c-43bc-8541-c103180d99c8-000af300,717568,Fondazioni strutturali,ST_FON_PAL_PaloCalcestruzzo: ST_FON_PAL_PaloCalcestruzzo_600mm,1
ea3b4e21-2f2c-43bc-8541-c103180d99c8-000af308,717576,Fondazioni strutturali,ST_FON_PLT_Testata4Pali: ST_FON_PLT_Testata4Pali_3000x3000x1000mm_D600,1
ea3b4e21-2f2c-43bc-8541-c103180d99c8-000af309,717577,Fondazioni strutturali,ST_FON_PAL_PaloCalcestruzzo: ST_FON_PAL_PaloCalcestruzzo_600mm,1
ea3b4e21-2f2c-43bc-8541-c103180d99c8-000af30a,717578,Fondazioni strutturali,ST_FON_PAL_PaloCalcestruzzo: ST_FON_PAL_PaloCalcestruzzo_600mm,1
ea3b4e21-2f2c-43bc-8541-c103180d99c8-000af30b,717579,Fondazioni strutturali,ST_FON_PAL_PaloCalcestruzzo: ST_FON_PAL_PaloCalcestruzzo_600mm,1
ea3b4e21-2f2c-43bc-8541-c103180d99c8-000af30c,717580,Fondazioni strutturali,ST_FON_PAL_PaloCalcestruzzo: ST_FON_PAL_PaloCalcestruzzo_600mm,1
ea3b4e21-2f2c-43bc-8541-c103180d99c8-000af32c,717612,Fondazioni strutturali,ST_FON_PLT_Testata4Pali: ST_FON_PLT_Testata4Pali_3000x3000x1000mm_D600,1
ea3b4e21-2f2c-43bc-8541-c103180d99c8-000af32d,717613,Fondazioni strutturali,ST_FON_PAL_PaloCalcestruzzo: ST_FON_PAL_PaloCalcestruzzo_600mm,1
ea3b4e21-2f2c-43bc-8541-c103180d99c8-000af32e,717614,Fondazioni strutturali,ST_FON_PAL_PaloCalcestruzzo: ST_FON_PAL_PaloCalcestruzzo_600mm,1
ea3b4e21-2f2c-43bc-8541-c103180d99c8-000af32f,717615,Fondazioni strutturali,ST_FON_PAL_PaloCalcestruzzo: ST_FON_PAL_PaloCalcestruzzo_600mm,1
ea3b4e21-2f2c-43bc-8541-c103180d99c8-000af330,717616,Fondazioni strutturali,ST_FON_PAL_PaloCalcestruzzo: ST_FON_PAL_PaloCalcestruzzo_600mm,1
ea3b4e21-2f2c-43bc-8541-c103180d99c8-000af338,717624,Fondazioni strutturali,ST_FON_PLT_Testata4Pali: ST_FON_PLT_Testata4Pali_3000x3000x1000mm_D600,1
ea3b4e21-2f2c-43bc-8541-c103180d99c8-000af339,717625,Fondazioni strutturali,ST_FON_PAL_PaloCalcestruzzo: ST_FON_PAL_PaloCalcestruzzo_600mm,1
ea3b4e21-2f2c-43bc-8541-c103180d99c8-000af33a,717626,Fondazioni strutturali,ST_FON_PAL_PaloCalcestruzzo: ST_FON_PAL_PaloCalcestruzzo_600mm,1
ea3b4e21-2f2c-43bc-8541-c103180d99c8-000af33b,717627,Fondazioni strutturali,ST_FON_PAL_PaloCalcestruzzo: ST_FON_PAL_PaloCalcestruzzo_600mm,1
ea3b4e21-2f2c-43bc-8541-c103180d99c8-000af33c,717628,Fondazioni strutturali,ST_FON_PAL_PaloCalcestruzzo: ST_FON_PAL_PaloCalcestruzzo_600mm,1
ea3b4e21-2f2c-43bc-8541-c103180d99c8-000af344,717636,Fondazioni strutturali,ST_FON_PLT_Testata4Pali: ST_FON_PLT_Testata4Pali_3000x3000x1000mm_D600,1
ea3b4e21-2f2c-43bc-8541-c103180d99c8-000af345,717637,Fondazioni strutturali,ST_FON_PAL_PaloCalcestruzzo: ST_FON_PAL_PaloCalcestruzzo_600mm,1
ea3b4e21-2f2c-43bc-8541-c103180d99c8-000af346,717638,Fondazioni strutturali,ST_FON_PAL_PaloCalcestruzzo: ST_FON_PAL_PaloCalcestruzzo_600mm,1
ea3b4e21-2f2c-43bc-8541-c103180d99c8-000af347,717639,Fondazioni strutturali,ST_FON_PAL_PaloCalcestruzzo: ST_FON_PAL_PaloCalcestruzzo_600mm,1
ea3b4e21-2f2c-43bc-8541-c103180d99c8-000af348,717640,Fondazioni strutturali,ST_FON_PAL_PaloCalcestruzzo: ST_FON_PAL_PaloCalcestruzzo_600mm,1
ea3b4e21-2f2c-43bc-8541-c103180d99c8-000af350,717648,Fondazioni strutturali,ST_FON_PLT_Testata4Pali: ST_FON_PLT_Testata4Pali_3000x3000x1000mm_D600,1
ea3b4e21-2f2c-43bc-8541-c103180d99c8-000af351,717649,Fondazioni strutturali,ST_FON_PAL_PaloCalcestruzzo: ST_FON_PAL_PaloCalcestruzzo_600mm,1
ea3b4e21-2f2c-43bc-8541-c103180d99c8-000af352,717650,Fondazioni strutturali,ST_FON_PAL_PaloCalcestruzzo: ST_FON_PAL_PaloCalcestruzzo_600mm,1
ea3b4e21-2f2c-43bc-8541-c103180d99c8-000af353,717651,Fondazioni strutturali,ST_FON_PAL_PaloCalcestruzzo: ST_FON_PAL_PaloCalcestruzzo_600mm,1
ea3b4e21-2f2c-43bc-8541-c103180d99c8-000af354,717652,Fondazioni strutturali,ST_FON_PAL_PaloCalcestruzzo: ST_FON_PAL_PaloCalcestruzzo_600mm,1
ea3b4e21-2f2c-43bc-8541-c103180d99c8-000af3e6,717798,Fondazioni strutturali,ST_FON_PLT_Testata4Pali: ST_FON_PLT_Testata4Pali_3000x3000x1000mm_D600,1
ea3b4e21-2f2c-43bc-8541-c103180d99c8-000af3e7,717799,Fondazioni strutturali,ST_FON_PAL_PaloCalcestruzzo: ST_FON_PAL_PaloCalcestruzzo_600mm,1
ea3b4e21-2f2c-43bc-8541-c103180d99c8-000af3e8,717800,Fondazioni strutturali,ST_FON_PAL_PaloCalcestruzzo: ST_FON_PAL_PaloCalcestruzzo_600mm,1
ea3b4e21-2f2c-43bc-8541-c103180d99c8-000af3e9,717801,Fondazioni strutturali,ST_FON_PAL_PaloCalcestruzzo: ST_FON_PAL_PaloCalcestruzzo_600mm,1
ea3b4e21-2f2c-43bc-8541-c103180d99c8-000af3ea,717802,Fondazioni strutturali,ST_FON_PAL_PaloCalcestruzzo: ST_FON_PAL_PaloCalcestruzzo_600mm,1
ea3b4e21-2f2c-43bc-8541-c103180d99c8-000af3f2,717810,Fondazioni strutturali,ST_FON_PLT_Testata4Pali: ST_FON_PLT_Testata4Pali_3000x3000x1000mm_D600,1
ea3b4e21-2f2c-43bc-8541-c103180d99c8-000af3f3,717811,Fondazioni strutturali,ST_FON_PAL_PaloCalcestruzzo: ST_FON_PAL_PaloCalcestruzzo_600mm,1
ea3b4e21-2f2c-43bc-8541-c103180d99c8-000af3f4,717812,Fondazioni strutturali,ST_FON_PAL_PaloCalcestruzzo: ST_FON_PAL_PaloCalcestruzzo_600mm,1
ea3b4e21-2f2c-43bc-8541-c103180d99c8-000af3f5,717813,Fondazioni strutturali,ST_FON_PAL_PaloCalcestruzzo: ST_FON_PAL_PaloCalcestruzzo_600mm,1
ea3b4e21-2f2c-43bc-8541-c103180d99c8-000af3f6,717814,Fondazioni strutturali,ST_FON_PAL_PaloCalcestruzzo: ST_FON_PAL_PaloCalcestruzzo_600mm,1
ea3b4e21-2f2c-43bc-8541-c103180d99c8-000af430,717872,Fondazioni strutturali,ST_FON_PLT_Testata4Pali: ST_FON_PLT_Testata4Pali_3000x3000x1000mm_D600,1
ea3b4e21-2f2c-43bc-8541-c103180d99c8-000af431,717873,Fondazioni strutturali,ST_FON_PAL_PaloCalcestruzzo: ST_FON_PAL_PaloCalcestruzzo_600mm,1
ea3b4e21-2f2c-43bc-8541-c103180d99c8-000af432,717874,Fondazioni strutturali,ST_FON_PAL_PaloCalcestruzzo: ST_FON_PAL_PaloCalcestruzzo_600mm,1
ea3b4e21-2f2c-43bc-8541-c103180d99c8-000af433,717875,Fondazioni strutturali,ST_FON_PAL_PaloCalcestruzzo: ST_FON_PAL_PaloCalcestruzzo_600mm,1
ea3b4e21-2f2c-43bc-8541-c103180d99c8-000af434,717876,Fondazioni strutturali,ST_FON_PAL_PaloCalcestruzzo: ST_FON_PAL_PaloCalcestruzzo_600mm,1
ea3b4e21-2f2c-43bc-8541-c103180d99c8-000af43c,717884,Fondazioni strutturali,ST_FON_PLT_Testata4Pali: ST_FON_PLT_Testata4Pali_3000x3000x1000mm_D600,1
ea3b4e21-2f2c-43bc-8541-c103180d99c8-000af43d,717885,Fondazioni strutturali,ST_FON_PAL_PaloCalcestruzzo: ST_FON_PAL_PaloCalcestruzzo_600mm,1
ea3b4e21-2f2c-43bc-8541-c103180d99c8-000af43e,717886,Fondazioni strutturali,ST_FON_PAL_PaloCalcestruzzo: ST_FON_PAL_PaloCalcestruzzo_600mm,1
ea3b4e21-2f2c-43bc-8541-c103180d99c8-000af43f,717887,Fondazioni strutturali,ST_FON_PAL_PaloCalcestruzzo: ST_FON_PAL_PaloCalcestruzzo_600mm,1
ea3b4e21-2f2c-43bc-8541-c103180d99c8-000af440,717888,Fondazioni strutturali,ST_FON_PAL_PaloCalcestruzzo: ST_FON_PAL_PaloCalcestruzzo_600mm,1
ea3b4e21-2f2c-43bc-8541-c103180d99c8-000af448,717896,Fondazioni strutturali,ST_FON_PLT_Testata4Pali: ST_FON_PLT_Testata4Pali_3000x3000x1000mm_D600,1
ea3b4e21-2f2c-43bc-8541-c103180d99c8-000af449,717897,Fondazioni strutturali,ST_FON_PAL_PaloCalcestruzzo: ST_FON_PAL_PaloCalcestruzzo_600mm,1
ea3b4e21-2f2c-43bc-8541-c103180d99c8-000af44a,717898,Fondazioni strutturali,ST_FON_PAL_PaloCalcestruzzo: ST_FON_PAL_PaloCalcestruzzo_600mm,1
ea3b4e21-2f2c-43bc-8541-c103180d99c8-000af44b,717899,Fondazioni strutturali,ST_FON_PAL_PaloCalcestruzzo: ST_FON_PAL_PaloCalcestruzzo_600mm,1
ea3b4e21-2f2c-43bc-8541-c103180d99c8-000af44c,717900,Fondazioni strutturali,ST_FON_PAL_PaloCalcestruzzo: ST_FON_PAL_PaloCalcestruzzo_600mm,1
ea3b4e21-2f2c-43bc-8541-c103180d99c8-000af454,717908,Fondazioni strutturali,ST_FON_PLT_Testata4Pali: ST_FON_PLT_Testata4Pali_3000x3000x1000mm_D600,1
ea3b4e21-2f2c-43bc-8541-c103180d99c8-000af455,717909,Fondazioni strutturali,ST_FON_PAL_PaloCalcestruzzo: ST_FON_PAL_PaloCalcestruzzo_600mm,1
ea3b4e21-2f2c-43bc-8541-c103180d99c8-000af456,717910,Fondazioni strutturali,ST_FON_PAL_PaloCalcestruzzo: ST_FON_PAL_PaloCalcestruzzo_600mm,1
ea3b4e21-2f2c-43bc-8541-c103180d99c8-000af457,717911,Fondazioni strutturali,ST_FON_PAL_PaloCalcestruzzo: ST_FON_PAL_PaloCalcestruzzo_600mm,1
ea3b4e21-2f2c-43bc-8541-c103180d99c8-000af458,717912,Fondazioni strutturali,ST_FON_PAL_PaloCalcestruzzo: ST_FON_PAL_PaloCalcestruzzo_600mm,1
ea3b4e21-2f2c-43bc-8541-c103180d99c8-000af460,717920,Fondazioni strutturali,ST_FON_PLT_Testata4Pali: ST_FON_PLT_Testata4Pali_3000x3000x1000mm_D600,1
ea3b4e21-2f2c-43bc-8541-c103180d99c8-000af461,717921,Fondazioni strutturali,ST_FON_PAL_PaloCalcestruzzo: ST_FON_PAL_PaloCalcestruzzo_600mm,1
ea3b4e21-2f2c-43bc-8541-c103180d99c8-000af462,717922,Fondazioni strutturali,ST_FON_PAL_PaloCalcestruzzo: ST_FON_PAL_PaloCalcestruzzo_600mm,1
ea3b4e21-2f2c-43bc-8541-c103180d99c8-000af463,717923,Fondazioni strutturali,ST_FON_PAL_PaloCalcestruzzo: ST_FON_PAL_PaloCalcestruzzo_600mm,1
ea3b4e21-2f2c-43bc-8541-c103180d99c8-000af464,717924,Fondazioni strutturali,ST_FON_PAL_PaloCalcestruzzo: ST_FON_PAL_PaloCalcestruzzo_600mm,1
ea3b4e21-2f2c-43bc-8541-c103180d99c8-000af46c,717932,Fondazioni strutturali,ST_FON_PLT_Testata4Pali: ST_FON_PLT_Testata4Pali_3000x3000x1000mm_D600,1
ea3b4e21-2f2c-43bc-8541-c103180d99c8-000af46d,717933,Fondazioni strutturali,ST_FON_PAL_PaloCalcestruzzo: ST_FON_PAL_PaloCalcestruzzo_600mm,1
ea3b4e21-2f2c-43bc-8541-c103180d99c8-000af46e,717934,Fondazioni strutturali,ST_FON_PAL_PaloCalcestruzzo: ST_FON_PAL_PaloCalcestruzzo_600mm,1
ea3b4e21-2f2c-43bc-8541-c103180d99c8-000af46f,717935,Fondazioni strutturali,ST_FON_PAL_PaloCalcestruzzo: ST_FON_PAL_PaloCalcestruzzo_600mm,1
ea3b4e21-2f2c-43bc-8541-c103180d99c8-000af470,717936,Fondazioni strutturali,ST_FON_PAL_PaloCalcestruzzo: ST_FON_PAL_PaloCalcestruzzo_600mm,1
ea3b4e21-2f2c-43bc-8541-c103180d99c8-000af4a9,717993,Fondazioni strutturali,ST_FON_PLT_Testata4Pali: ST_FON_PLT_Testata4Pali_3000x3000x1000mm_D600,1
ea3b4e21-2f2c-43bc-8541-c103180d99c8-000af4aa,717994,Fondazioni strutturali,ST_FON_PAL_PaloCalcestruzzo: ST_FON_PAL_PaloCalcestruzzo_600mm,1
ea3b4e21-2f2c-43bc-8541-c103180d99c8-000af4ab,717995,Fondazioni strutturali,ST_FON_PAL_PaloCalcestruzzo: ST_FON_PAL_PaloCalcestruzzo_600mm,1
ea3b4e21-2f2c-43bc-8541-c103180d99c8-000af4ac,717996,Fondazioni strutturali,ST_FON_PAL_PaloCalcestruzzo: ST_FON_PAL_PaloCalcestruzzo_600mm,1
ea3b4e21-2f2c-43bc-8541-c103180d99c8-000af4ad,717997,Fondazioni strutturali,ST_FON_PAL_PaloCalcestruzzo: ST_FON_PAL_PaloCalcestruzzo_600mm,1
ea3b4e21-2f2c-43bc-8541-c103180d99c8-000af4c3,718019,Fondazioni strutturali,ST_FON_PLT_Testata4Pali: ST_FON_PLT_Testata4Pali_3000x3000x1000mm_D600,1
ea3b4e21-2f2c-43bc-8541-c103180d99c8-000af4c4,718020,Fondazioni strutturali,ST_FON_PAL_PaloCalcestruzzo: ST_FON_PAL_PaloCalcestruzzo_600mm,1
ea3b4e21-2f2c-43bc-8541-c103180d99c8-000af4c5,718021,Fondazioni strutturali,ST_FON_PAL_PaloCalcestruzzo: ST_FON_PAL_PaloCalcestruzzo_600mm,1
ea3b4e21-2f2c-43bc-8541-c103180d99c8-000af4c6,718022,Fondazioni strutturali,ST_FON_PAL_PaloCalcestruzzo: ST_FON_PAL_PaloCalcestruzzo_600mm,1
ea3b4e21-2f2c-43bc-8541-c103180d99c8-000af4c7,718023,Fondazioni strutturali,ST_FON_PAL_PaloCalcestruzzo: ST_FON_PAL_PaloCalcestruzzo_600mm,1
ea3b4e21-2f2c-43bc-8541-c103180d99c8-000af4cf,718031,Fondazioni strutturali,ST_FON_PLT_Testata4Pali: ST_FON_PLT_Testata4Pali_3000x3000x1000mm_D600,1
ea3b4e21-2f2c-43bc-8541-c103180d99c8-000af4d0,718032,Fondazioni strutturali,ST_FON_PAL_PaloCalcestruzzo: ST_FON_PAL_PaloCalcestruzzo_600mm,1
ea3b4e21-2f2c-43bc-8541-c103180d99c8-000af4d1,718033,Fondazioni strutturali,ST_FON_PAL_PaloCalcestruzzo: ST_FON_PAL_PaloCalcestruzzo_600mm,1
ea3b4e21-2f2c-43bc-8541-c103180d99c8-000af4d2,718034,Fondazioni strutturali,ST_FON_PAL_PaloCalcestruzzo: ST_FON_PAL_PaloCalcestruzzo_600mm,1
ea3b4e21-2f2c-43bc-8541-c103180d99c8-000af4d3,718035,Fondazioni strutturali,ST_FON_PAL_PaloCalcestruzzo: ST_FON_PAL_PaloCalcestruzzo_600mm,1
ea3b4e21-2f2c-43bc-8541-c103180d99c8-000af4db,718043,Fondazioni strutturali,ST_FON_PLT_Testata4Pali: ST_FON_PLT_Testata4Pali_3000x3000x1000mm_D600,1
ea3b4e21-2f2c-43bc-8541-c103180d99c8-000af4dc,718044,Fondazioni strutturali,ST_FON_PAL_PaloCalcestruzzo: ST_FON_PAL_PaloCalcestruzzo_600mm,1
ea3b4e21-2f2c-43bc-8541-c103180d99c8-000af4dd,718045,Fondazioni strutturali,ST_FON_PAL_PaloCalcestruzzo: ST_FON_PAL_PaloCalcestruzzo_600mm,1
ea3b4e21-2f2c-43bc-8541-c103180d99c8-000af4de,718046,Fondazioni strutturali,ST_FON_PAL_PaloCalcestruzzo: ST_FON_PAL_PaloCalcestruzzo_600mm,1
ea3b4e21-2f2c-43bc-8541-c103180d99c8-000af4df,718047,Fondazioni strutturali,ST_FON_PAL_PaloCalcestruzzo: ST_FON_PAL_PaloCalcestruzzo_600mm,1
ea3b4e21-2f2c-43bc-8541-c103180d99c8-000af4e5,718053,Fondazioni strutturali,ST_FON_PLT_Testata4Pali: ST_FON_PLT_Testata4Pali_3000x3000x1000mm_D600,1
ea3b4e21-2f2c-43bc-8541-c103180d99c8-000af4e6,718054,Fondazioni strutturali,ST_FON_PAL_PaloCalcestruzzo: ST_FON_PAL_PaloCalcestruzzo_600mm,1
ea3b4e21-2f2c-43bc-8541-c103180d99c8-000af4e7,718055,Fondazioni strutturali,ST_FON_PAL_PaloCalcestruzzo: ST_FON_PAL_PaloCalcestruzzo_600mm,1
ea3b4e21-2f2c-43bc-8541-c103180d99c8-000af4e8,718056,Fondazioni strutturali,ST_FON_PAL_PaloCalcestruzzo: ST_FON_PAL_PaloCalcestruzzo_600mm,1
ea3b4e21-2f2c-43bc-8541-c103180d99c8-000af4e9,718057,Fondazioni strutturali,ST_FON_PAL_PaloCalcestruzzo: ST_FON_PAL_PaloCalcestruzzo_600mm,1
d7db1900-89ef-44a3-8022-ff56d31fe1fc-000b14e4,726244,Fondazioni strutturali,Platea: ST_FON_PLA_Platea_800mm,1
2ea92b0f-02fe-46b5-9603-6f3ea58acdbf-000b2297,729751,Fondazioni strutturali,Platea: ST_FON_PLA_Platea_800mm,1
50f8241e-c70f-47ef-8e5c-fee2d7c1f94a-000b2c81,732289,Fondazioni strutturali,ST_FON_PLT_Testata4Pali: ST_FON_PLT_Testata4Pali_3000x3000x1000mm_D600,1
50f8241e-c70f-47ef-8e5c-fee2d7c1f94a-000b2c82,732290,Fondazioni strutturali,ST_FON_PAL_PaloCalcestruzzo: ST_FON_PAL_PaloCalcestruzzo_600mm,1
50f8241e-c70f-47ef-8e5c-fee2d7c1f94a-000b2c83,732291,Fondazioni strutturali,ST_FON_PAL_PaloCalcestruzzo: ST_FON_PAL_PaloCalcestruzzo_600mm,1
50f8241e-c70f-47ef-8e5c-fee2d7c1f94a-000b2c84,732292,Fondazioni strutturali,ST_FON_PAL_PaloCalcestruzzo: ST_FON_PAL_PaloCalcestruzzo_600mm,1
50f8241e-c70f-47ef-8e5c-fee2d7c1f94a-000b2c85,732293,Fondazioni strutturali,ST_FON_PAL_PaloCalcestruzzo: ST_FON_PAL_PaloCalcestruzzo_600mm,1
710ff500-fa10-4b94-a5bb-39439857ab90-000b3018,733208,Fondazioni strutturali,Platea: ST_FON_PLA_Platea_1000mm,1
710ff500-fa10-4b94-a5bb-39439857ab90-000b30df,733407,Fondazioni strutturali,Platea: ST_FON_PLA_Platea_1000mm,1
710ff500-fa10-4b94-a5bb-39439857ab90-000b312f,733487,Fondazioni strutturali,Platea: ST_FON_PLA_Platea_1000mm,1
710ff500-fa10-4b94-a5bb-39439857ab90-000b3201,733697,Fondazioni strutturali,Platea: ST_FON_PLA_Platea_1000mm,1
710ff500-fa10-4b94-a5bb-39439857ab90-000b338a,734090,Fondazioni strutturali,Platea: ST_FON_PLA_Platea_1000mm,1
710ff500-fa10-4b94-a5bb-39439857ab90-000b3439,734265,Fondazioni strutturali,Platea: ST_FON_PLA_Platea_1000mm,1
710ff500-fa10-4b94-a5bb-39439857ab90-000b34e8,734440,Fondazioni strutturali,Platea: ST_FON_PLA_Platea_1000mm,1
710ff500-fa10-4b94-a5bb-39439857ab90-000b359f,734623,Fondazioni strutturali,Platea: ST_FON_PLA_Platea_1000mm,1
710ff500-fa10-4b94-a5bb-39439857ab90-000b366c,734828,Fondazioni strutturali,Platea: ST_FON_PLA_Platea_1000mm,1
db08c21b-3c44-4be0-9200-b663745c0e75-000a9ad7,694999,Muri,Muro di base: ST_MUR_POR_300mm_CalcestruzzoArmato,1
db08c21b-3c44-4be0-9200-b663745c0e75-000a9b14,695060,Muri,Muro di base: ST_MUR_POR_300mm_CalcestruzzoArmato,1
db08c21b-3c44-4be0-9200-b663745c0e75-000a9b89,695177,Muri,Muro di base: ST_MUR_POR_300mm_CalcestruzzoArmato,1
db08c21b-3c44-4be0-9200-b663745c0e75-000a9bf2,695282,Muri,Muro di base: ST_MUR_POR_300mm_CalcestruzzoArmato,1
db08c21b-3c44-4be0-9200-b663745c0e75-000a9d00,695552,Muri,Muro di base: ST_MUR_POR_300mm_CalcestruzzoArmato,1
db08c21b-3c44-4be0-9200-b663745c0e75-000a9d01,695553,Muri,Muro di base: ST_MUR_POR_300mm_CalcestruzzoArmato,1
db08c21b-3c44-4be0-9200-b663745c0e75-000a9d02,695554,Muri,Muro di base: ST_MUR_POR_300mm_CalcestruzzoArmato,1
db08c21b-3c44-4be0-9200-b663745c0e75-000a9d03,695555,Muri,Muro di base: ST_MUR_POR_300mm_CalcestruzzoArmato,1
db08c21b-3c44-4be0-9200-b663745c0e75-000a9d2e,695598,Muri,Muro di base: ST_MUR_POR_500mm_CalcestruzzoArmato,1
db08c21b-3c44-4be0-9200-b663745c0e75-000a9e10,695824,Muri,Muro di base: ST_MUR_POR_300mm_CalcestruzzoArmato,1
db08c21b-3c44-4be0-9200-b663745c0e75-000a9e58,695896,Muri,Muro di base: ST_MUR_POR_300mm_CalcestruzzoArmato,1
db08c21b-3c44-4be0-9200-b663745c0e75-000a9ea8,695976,Muri,Muro di base: ST_MUR_POR_300mm_CalcestruzzoArmato,1
db08c21b-3c44-4be0-9200-b663745c0e75-000a9ef7,696055,Muri,Muro di base: ST_MUR_POR_300mm_CalcestruzzoArmato,1
db08c21b-3c44-4be0-9200-b663745c0e75-000a9fa4,696228,Muri,Muro di base: ST_MUR_POR_300mm_CalcestruzzoArmato,1
db08c21b-3c44-4be0-9200-b663745c0e75-000a9ff8,696312,Muri,Muro di base: ST_MUR_POR_300mm_CalcestruzzoArmato,1
db08c21b-3c44-4be0-9200-b663745c0e75-000aa038,696376,Muri,Muro di base: ST_MUR_POR_300mm_CalcestruzzoArmato,1
db08c21b-3c44-4be0-9200-b663745c0e75-000aa068,696424,Muri,Muro di base: ST_MUR_POR_300mm_CalcestruzzoArmato,1
db08c21b-3c44-4be0-9200-b663745c0e75-000aa0bf,696511,Muri,Muro di base: ST_MUR_POR_300mm_CalcestruzzoArmato,1
db08c21b-3c44-4be0-9200-b663745c0e75-000aa0c0,696512,Muri,Muro di base: ST_MUR_POR_300mm_CalcestruzzoArmato,1
db08c21b-3c44-4be0-9200-b663745c0e75-000aa0f5,696565,Muri,Muro di base: ST_MUR_POR_300mm_CalcestruzzoArmato,1
db08c21b-3c44-4be0-9200-b663745c0e75-000aa1b4,696756,Muri,Muro di base: ST_MUR_POR_300mm_CalcestruzzoArmato,1
db08c21b-3c44-4be0-9200-b663745c0e75-000aa1f3,696819,Muri,Muro di base: ST_MUR_POR_500mm_CalcestruzzoArmato,1
db08c21b-3c44-4be0-9200-b663745c0e75-000aa2c7,697031,Muri,Muro di base: ST_MUR_POR_300mm_CalcestruzzoArmato,1
919353b4-a3eb-44f6-9224-3ef330103afb-000aa33a,697146,Muri,Muro di base: ST_MUR_POR_300mm_CalcestruzzoArmato,1
919353b4-a3eb-44f6-9224-3ef330103afb-000aa33b,697147,Muri,Muro di base: ST_MUR_POR_300mm_CalcestruzzoArmato,1
919353b4-a3eb-44f6-9224-3ef330103afb-000aa33c,697148,Muri,Muro di base: ST_MUR_POR_300mm_CalcestruzzoArmato,1
919353b4-a3eb-44f6-9224-3ef330103afb-000aa33d,697149,Muri,Muro di base: ST_MUR_POR_300mm_CalcestruzzoArmato,1
919353b4-a3eb-44f6-9224-3ef330103afb-000aa546,697670,Muri,Muro di base: ST_MUR_POR_500mm_CalcestruzzoArmato,1
919353b4-a3eb-44f6-9224-3ef330103afb-000aa5a0,697760,Muri,Muro di base: ST_MUR_POR_300mm_CalcestruzzoArmato,1
919353b4-a3eb-44f6-9224-3ef330103afb-000aa5a1,697761,Muri,Muro di base: ST_MUR_POR_300mm_CalcestruzzoArmato,1
919353b4-a3eb-44f6-9224-3ef330103afb-000aa5a2,697762,Muri,Muro di base: ST_MUR_POR_300mm_CalcestruzzoArmato,1
919353b4-a3eb-44f6-9224-3ef330103afb-000aa5a3,697763,Muri,Muro di base: ST_MUR_POR_300mm_CalcestruzzoArmato,1
919353b4-a3eb-44f6-9224-3ef330103afb-000aa62e,697902,Muri,Muro di base: ST_MUR_POR_300mm_CalcestruzzoArmato,1
919353b4-a3eb-44f6-9224-3ef330103afb-000aa65c,697948,Muri,Muro di base: ST_MUR_POR_300mm_CalcestruzzoArmato,1
919353b4-a3eb-44f6-9224-3ef330103afb-000aa702,698114,Muri,Muro di base: ST_MUR_POR_300mm_CalcestruzzoArmato,1
919353b4-a3eb-44f6-9224-3ef330103afb-000aa703,698115,Muri,Muro di base: ST_MUR_POR_300mm_CalcestruzzoArmato,1
919353b4-a3eb-44f6-9224-3ef330103afb-000aa704,698116,Muri,Muro di base: ST_MUR_POR_300mm_CalcestruzzoArmato,1
919353b4-a3eb-44f6-9224-3ef330103afb-000aa705,698117,Muri,Muro di base: ST_MUR_POR_300mm_CalcestruzzoArmato,1
919353b4-a3eb-44f6-9224-3ef330103afb-000aa760,698208,Muri,Muro di base: ST_MUR_POR_300mm_CalcestruzzoArmato,1
919353b4-a3eb-44f6-9224-3ef330103afb-000aa761,698209,Muri,Muro di base: ST_MUR_POR_300mm_CalcestruzzoArmato,1
919353b4-a3eb-44f6-9224-3ef330103afb-000aa762,698210,Muri,Muro di base: ST_MUR_POR_300mm_CalcestruzzoArmato,1
919353b4-a3eb-44f6-9224-3ef330103afb-000aa763,698211,Muri,Muro di base: ST_MUR_POR_300mm_CalcestruzzoArmato,1
47b349c2-1bc8-485d-863c-8d20a65e99a1-000aa817,698391,Muri,Muro di base: ST_MUR_POR_300mm_CalcestruzzoArmato,1
47b349c2-1bc8-485d-863c-8d20a65e99a1-000aa818,698392,Muri,Muro di base: ST_MUR_POR_300mm_CalcestruzzoArmato,1
47b349c2-1bc8-485d-863c-8d20a65e99a1-000aa819,698393,Muri,Muro di base: ST_MUR_POR_300mm_CalcestruzzoArmato,1
47b349c2-1bc8-485d-863c-8d20a65e99a1-000aa81a,698394,Muri,Muro di base: ST_MUR_POR_300mm_CalcestruzzoArmato,1
47b349c2-1bc8-485d-863c-8d20a65e99a1-000aa8f9,698617,Muri,Muro di base: ST_MUR_POR_500mm_CalcestruzzoArmato,1
f725b92f-9f5b-4266-8273-b91c259b46b9-000aace7,699623,Muri,Muro di base: ST_MUR_POR_300mm_CalcestruzzoArmato,1
6e01382f-d7c1-4698-981f-06db92c5957f-000ae491,713873,Muri,Muro di base: ST_MUR_POR_300mm_CalcestruzzoArmato,1
6e01382f-d7c1-4698-981f-06db92c5957f-000ae492,713874,Muri,Muro di base: ST_MUR_POR_300mm_CalcestruzzoArmato,1
6e01382f-d7c1-4698-981f-06db92c5957f-000ae493,713875,Muri,Muro di base: ST_MUR_POR_300mm_CalcestruzzoArmato,1
6e01382f-d7c1-4698-981f-06db92c5957f-000ae494,713876,Muri,Muro di base: ST_MUR_POR_300mm_CalcestruzzoArmato,1
6e01382f-d7c1-4698-981f-06db92c5957f-000ae4f8,713976,Muri,Muro di base: ST_MUR_POR_300mm_CalcestruzzoArmato,1
6e01382f-d7c1-4698-981f-06db92c5957f-000ae543,714051,Muri,Muro di base: ST_MUR_POR_300mm_CalcestruzzoArmato,1
6e01382f-d7c1-4698-981f-06db92c5957f-000ae56e,714094,Muri,Muro di base: ST_MUR_POR_300mm_CalcestruzzoArmato,1
e406606a-dcbf-4fa4-a1da-1fabb3bb9e24-000b1558,726360,Muri,Muro di base: ST_MUR_POR_200mm_CalcestruzzoArmato,1
e406606a-dcbf-4fa4-a1da-1fabb3bb9e24-000b155c,726364,Muri,Muro di base: ST_MUR_POR_200mm_CalcestruzzoArmato,1
e406606a-dcbf-4fa4-a1da-1fabb3bb9e24-000b1560,726368,Muri,Muro di base: ST_MUR_POR_200mm_CalcestruzzoArmato,1
e406606a-dcbf-4fa4-a1da-1fabb3bb9e24-000b1564,726372,Muri,Muro di base: ST_MUR_POR_200mm_CalcestruzzoArmato,1
e406606a-dcbf-4fa4-a1da-1fabb3bb9e24-000b1586,726406,Muri,Muro di base: ST_MUR_POR_200mm_CalcestruzzoArmato,1
f725b92f-9f5b-4266-8273-b91c259b46b9-000aac0b,699403,Pavimenti,Pavimento: ST_PAV_GET_400mm_CalcestruzzoArmato,1
f725b92f-9f5b-4266-8273-b91c259b46b9-000aadbe,699838,Pavimenti,Pavimento: ST_PAV_GET_300mm_CalcestruzzoArmato,1
f725b92f-9f5b-4266-8273-b91c259b46b9-000aae5a,699994,Pavimenti,Pavimento: ST_PAV_GET_300mm_CalcestruzzoArmato,1
6e01382f-d7c1-4698-981f-06db92c5957f-000ae8a8,714920,Pavimenti,Pavimento: ST_PAV_GET_250mm_CalcestruzzoArmato,1
cfa5f873-76e9-4f04-af47-98ab9abeefd4-000ae946,715078,Pavimenti,Pavimento: ST_PAV_GET_250mm_CalcestruzzoArmato,1
6a3f1159-c88b-4337-8326-658a6b7ac719-000b0330,721712,Pavimenti,Pavimento: ST_PAV_MST_130mm_MistoGrecato,1
736606c6-2dab-49a2-8cb3-822f336e3d0d-000b0bc3,723907,Pavimenti,Pavimento: ST_PAV_MST_130mm_MistoGrecato,1
d9ba5a8f-6898-4cdb-8d14-01a9936dee11-000b1051,725073,Pavimenti,Pavimento: ST_PAV_MST_130mm_MistoGrecato,1
d7db1900-89ef-44a3-8022-ff56d31fe1fc-000b151d,726301,Pavimenti,Pavimento: ST_PAV_GET_100mm_Magrone,1
e406606a-dcbf-4fa4-a1da-1fabb3bb9e24-000b1643,726595,Pavimenti,Pavimento: ST_PAV_GET_200mm_CalcestruzzoArmato,1
2ea92b0f-02fe-46b5-9603-6f3ea58acdbf-000b22ce,729806,Pavimenti,Pavimento: ST_PAV_GET_100mm_Magrone,1
50f8241e-c70f-47ef-8e5c-fee2d7c1f94a-000b2dd0,732624,Pavimenti,Pavimento: ST_PAV_GET_300mm_CalcestruzzoArmato,1
710ff500-fa10-4b94-a5bb-39439857ab90-000b30c9,733385,Pavimenti,Pavimento: ST_PAV_GET_100mm_Magrone,1
710ff500-fa10-4b94-a5bb-39439857ab90-000b3116,733462,Pavimenti,Pavimento: ST_PAV_GET_100mm_Magrone,1
710ff500-fa10-4b94-a5bb-39439857ab90-000b3144,733508,Pavimenti,Pavimento: ST_PAV_GET_100mm_Magrone,1
710ff500-fa10-4b94-a5bb-39439857ab90-000b3337,734007,Pavimenti,Pavimento: ST_PAV_GET_100mm_Magrone,1
710ff500-fa10-4b94-a5bb-39439857ab90-000b33d8,734168,Pavimenti,Pavimento: ST_PAV_GET_100mm_Magrone,1
710ff500-fa10-4b94-a5bb-39439857ab90-000b3493,734355,Pavimenti,Pavimento: ST_PAV_GET_100mm_Magrone,1
710ff500-fa10-4b94-a5bb-39439857ab90-000b3561,734561,Pavimenti,Pavimento: ST_PAV_GET_100mm_Magrone,1
710ff500-fa10-4b94-a5bb-39439857ab90-000b35f8,734712,Pavimenti,Pavimento: ST_PAV_GET_100mm_Magrone,1
710ff500-fa10-4b94-a5bb-39439857ab90-000b3756,735062,Pavimenti,Pavimento: ST_PAV_GET_100mm_Magrone,1
8902a1e0-f8ee-4860-b291-efaa141caec5-000b4a36,739894,Pavimenti,Pavimento: ST_PAV_GET_300mm_CalcestruzzoArmato,1
8902a1e0-f8ee-4860-b291-efaa141caec5-000b4a72,739954,Pavimenti,Pavimento: ST_PAV_GET_300mm_CalcestruzzoArmato,1
8902a1e0-f8ee-4860-b291-efaa141caec5-000b4aa0,740000,Pavimenti,Pavimento: ST_PAV_GET_300mm_CalcestruzzoArmato,1
8902a1e0-f8ee-4860-b291-efaa141caec5-000b4aff,740095,Pavimenti,Pavimento: ST_PAV_GET_300mm_CalcestruzzoArmato,1
8902a1e0-f8ee-4860-b291-efaa141caec5-000b4b69,740201,Pavimenti,Pavimento: ST_PAV_GET_300mm_CalcestruzzoArmato,1
6e01382f-d7c1-4698-981f-06db92c5957f-000ae654,714324,Porte,ST_POR_PRT_VarcoApertura: ST_POR_PRT_VarcoApertura_2200x2400mm,1
6e01382f-d7c1-4698-981f-06db92c5957f-000ae6d5,714453,Porte,ST_POR_PRT_VarcoApertura: ST_POR_PRT_VarcoApertura_2800x2400mm,1
6e01382f-d7c1-4698-981f-06db92c5957f-000ae78a,714634,Porte,ST_POR_PRT_VarcoApertura: ST_POR_PRT_VarcoApertura_12000x2100,1
6e01382f-d7c1-4698-981f-06db92c5957f-000ae83f,714815,Porte,ST_POR_PRT_VarcoApertura: ST_POR_PRT_VarcoApertura_1800x2100mm,1
e64910a5-dad9-4457-a9f9-701412130613-000b2241,729665,Porte,ST_POR_PRT_VarcoApertura: ST_POR_PRT_VarcoApertura_800x2100mm,1
6d4cef81-1c8c-4727-9c12-dc469b2f2729-000b26fa,730874,Scale,Scala gettata in opera: ST_SCA_Car_250mm_CalcestruzzoArmato,1
50f8241e-c70f-47ef-8e5c-fee2d7c1f94a-000b2e09,732681,Scale,Scala gettata in opera: ST_SCA_Car_250mm_CalcestruzzoArmato,1
6d4cef81-1c8c-4727-9c12-dc469b2f2729-000b26ff,730879,Scale: Pianerottoli,Pianerottolo monolitico: INC_PiaSC_SC.CA_CalcestruzzoArmato,1
6d4cef81-1c8c-4727-9c12-dc469b2f2729-000b2703,730883,Scale: Pianerottoli,Pianerottolo monolitico: INC_PiaSC_SC.CA_CalcestruzzoArmato,1
6d4cef81-1c8c-4727-9c12-dc469b2f2729-000b2707,730887,Scale: Pianerottoli,Pianerottolo monolitico: INC_PiaSC_SC.CA_CalcestruzzoArmato,1
50f8241e-c70f-47ef-8e5c-fee2d7c1f94a-000b2e0e,732686,Scale: Pianerottoli,Pianerottolo monolitico: INC_PiaSC_SC.CA_CalcestruzzoArmato,1
50f8241e-c70f-47ef-8e5c-fee2d7c1f94a-000b2e12,732690,Scale: Pianerottoli,Pianerottolo monolitico: INC_PiaSC_SC.CA_CalcestruzzoArmato,1
50f8241e-c70f-47ef-8e5c-fee2d7c1f94a-000b2e16,732694,Scale: Pianerottoli,Pianerottolo monolitico: INC_PiaSC_SC.CA_CalcestruzzoArmato,1
6d4cef81-1c8c-4727-9c12-dc469b2f2729-000b26fb,730875,Scale: Rampe,Rampa monolitica: INC_RmpSC_SC.CA_CalcestruzzoArmato,1
6d4cef81-1c8c-4727-9c12-dc469b2f2729-000b26fd,730877,Scale: Rampe,Rampa monolitica: INC_RmpSC_SC.CA_CalcestruzzoArmato,1
6d4cef81-1c8c-4727-9c12-dc469b2f2729-000b2701,730881,Scale: Rampe,Rampa monolitica: INC_RmpSC_SC.CA_CalcestruzzoArmato,1
50f8241e-c70f-47ef-8e5c-fee2d7c1f94a-000b2e0a,732682,Scale: Rampe,Rampa monolitica: INC_RmpSC_SC.CA_CalcestruzzoArmato,1
50f8241e-c70f-47ef-8e5c-fee2d7c1f94a-000b2e0c,732684,Scale: Rampe,Rampa monolitica: INC_RmpSC_SC.CA_CalcestruzzoArmato,1
50f8241e-c70f-47ef-8e5c-fee2d7c1f94a-000b2e10,732688,Scale: Rampe,Rampa monolitica: INC_RmpSC_SC.CA_CalcestruzzoArmato,1
9eff4ed6-68eb-4f12-be17-b120621e611c-000af51d,718109,Telaio strutturale,INC_TelST_TS.CA_FondazioneRettangolareMagrone: 50x50,1
9eff4ed6-68eb-4f12-be17-b120621e611c-000af56b,718187,Telaio strutturale,INC_TelST_TS.CA_FondazioneRettangolareMagrone: 50x50,1
9eff4ed6-68eb-4f12-be17-b120621e611c-000af5fd,718333,Telaio strutturale,INC_TelST_TS.CA_FondazioneRettangolareMagrone: 50x50,1
9eff4ed6-68eb-4f12-be17-b120621e611c-000af608,718344,Telaio strutturale,INC_TelST_TS.CA_FondazioneRettangolareMagrone: 50x50,1
9eff4ed6-68eb-4f12-be17-b120621e611c-000af613,718355,Telaio strutturale,INC_TelST_TS.CA_FondazioneRettangolareMagrone: 50x50,1
9eff4ed6-68eb-4f12-be17-b120621e611c-000af61e,718366,Telaio strutturale,INC_TelST_TS.CA_FondazioneRettangolareMagrone: 50x50,1
9eff4ed6-68eb-4f12-be17-b120621e611c-000af634,718388,Telaio strutturale,INC_TelST_TS.CA_FondazioneRettangolareMagrone: 50x50,1
9eff4ed6-68eb-4f12-be17-b120621e611c-000af7fd,718845,Telaio strutturale,INC_TelST_TS.CA_FondazioneRettangolareMagrone: 50x50,1
9eff4ed6-68eb-4f12-be17-b120621e611c-000af83b,718907,Telaio strutturale,INC_TelST_TS.CA_FondazioneRettangolareMagrone: 50x50,1
9eff4ed6-68eb-4f12-be17-b120621e611c-000af8eb,719083,Telaio strutturale,INC_TelST_TS.CA_FondazioneRettangolareMagrone: 50x50,1
9eff4ed6-68eb-4f12-be17-b120621e611c-000af920,719136,Telaio strutturale,INC_TelST_TS.CA_FondazioneRettangolareMagrone: 50x50,1
9eff4ed6-68eb-4f12-be17-b120621e611c-000af99f,719263,Telaio strutturale,INC_TelST_TS.CA_FondazioneRettangolareMagrone: 50x50,1
9eff4ed6-68eb-4f12-be17-b120621e611c-000af9d7,719319,Telaio strutturale,INC_TelST_TS.CA_FondazioneRettangolareMagrone: 50x50,1
9eff4ed6-68eb-4f12-be17-b120621e611c-000af9e2,719330,Telaio strutturale,INC_TelST_TS.CA_FondazioneRettangolareMagrone: 50x50,1
9eff4ed6-68eb-4f12-be17-b120621e611c-000afb9d,719773,Telaio strutturale,INC_TelST_TS.CA_FondazioneRettangolareMagrone: 50x50,1
9eff4ed6-68eb-4f12-be17-b120621e611c-000afbd5,719829,Telaio strutturale,INC_TelST_TS.CA_FondazioneRettangolareMagrone: 50x50,1
9eff4ed6-68eb-4f12-be17-b120621e611c-000afbff,719871,Telaio strutturale,INC_TelST_TS.CA_FondazioneRettangolareMagrone: 50x50,1
9eff4ed6-68eb-4f12-be17-b120621e611c-000afc21,719905,Telaio strutturale,INC_TelST_TS.CA_FondazioneRettangolareMagrone: 50x78,1
9eff4ed6-68eb-4f12-be17-b120621e611c-000afcd0,720080,Telaio strutturale,INC_TelST_TS.CA_FondazioneRettangolare: 50X28,1
9eff4ed6-68eb-4f12-be17-b120621e611c-000afda3,720291,Telaio strutturale,INC_TelST_TS.CA_FondazioneRettangolare: 50X28,1
9eff4ed6-68eb-4f12-be17-b120621e611c-000afe13,720403,Telaio strutturale,INC_TelST_TS.CA_FondazioneRettangolareMagrone: 50x50,1
9eff4ed6-68eb-4f12-be17-b120621e611c-000afe6b,720491,Telaio strutturale,INC_TelST_TS.CA_FondazioneRettangolareMagrone: 50x50,1
9eff4ed6-68eb-4f12-be17-b120621e611c-000afeb3,720563,Telaio strutturale,INC_TelST_TS.CA_FondazioneRettangolareMagrone: 50x50,1
9eff4ed6-68eb-4f12-be17-b120621e611c-000aff31,720689,Telaio strutturale,INC_TelST_TS.CA_FondazioneRettangolareMagrone: 50x50,1
9eff4ed6-68eb-4f12-be17-b120621e611c-000aff83,720771,Telaio strutturale,INC_TelST_TS.CA_FondazioneRettangolareMagrone: 50x50,1
9eff4ed6-68eb-4f12-be17-b120621e611c-000affed,720877,Telaio strutturale,INC_TelST_TS.CA_FondazioneRettangolareMagrone: 50x50,1
9eff4ed6-68eb-4f12-be17-b120621e611c-000b0070,721008,Telaio strutturale,INC_TelST_TS.CA_FondazioneRettangolareMagrone: 50x50,1
9eff4ed6-68eb-4f12-be17-b120621e611c-000b00dd,721117,Telaio strutturale,INC_TelST_TS.CA_FondazioneRettangolareMagrone: 50x50,1
9eff4ed6-68eb-4f12-be17-b120621e611c-000b0135,721205,Telaio strutturale,INC_TelST_TS.CA_FondazioneRettangolareMagrone: 50x50,1
710ff500-fa10-4b94-a5bb-39439857ab90-000b37b6,735158,Telaio strutturale,INC_TelST_TS.CA_FondazioneRettangolareMagrone: 50x50,1
710ff500-fa10-4b94-a5bb-39439857ab90-000b3848,735304,Telaio strutturale,INC_TelST_TS.CA_FondazioneRettangolareMagrone: 50x50,1
710ff500-fa10-4b94-a5bb-39439857ab90-000b38a2,735394,Telaio strutturale,INC_TelST_TS.CA_FondazioneRettangolareMagrone: 50x50,1
710ff500-fa10-4b94-a5bb-39439857ab90-000b38cb,735435,Telaio strutturale,INC_TelST_TS.CA_FondazioneRettangolareMagrone: 50x50,1
710ff500-fa10-4b94-a5bb-39439857ab90-000b38f6,735478,Telaio strutturale,INC_TelST_TS.CA_FondazioneRettangolareMagrone: 50x50,1
710ff500-fa10-4b94-a5bb-39439857ab90-000b38f7,735479,Telaio strutturale,INC_TelST_TS.CA_FondazioneRettangolareMagrone: 50x50,1
472ef454-f48e-41a4-a762-987c2e557237-000b3966,735590,Telaio strutturale,INC_TelST_TS.CA_FondazioneRettangolareMagrone: 50x50,1
472ef454-f48e-41a4-a762-987c2e557237-000b3971,735601,Telaio strutturale,INC_TelST_TS.CA_FondazioneRettangolareMagrone: 50x50,1
472ef454-f48e-41a4-a762-987c2e557237-000b397e,735614,Telaio strutturale,INC_TelST_TS.CA_FondazioneRettangolareMagrone: 50x50,1
472ef454-f48e-41a4-a762-987c2e557237-000b398a,735626,Telaio strutturale,INC_TelST_TS.CA_FondazioneRettangolareMagrone: 50x50,1
472ef454-f48e-41a4-a762-987c2e557237-000b3a7c,735868,Telaio strutturale,INC_TelST_TS.CA_FondazioneRettangolareMagrone: 50x50,1
472ef454-f48e-41a4-a762-987c2e557237-000b3b63,736099,Telaio strutturale,INC_TelST_TS.CA_FondazioneRettangolareMagrone: 50x78,1
472ef454-f48e-41a4-a762-987c2e557237-000b3b95,736149,Telaio strutturale,INC_TelST_TS.CA_FondazioneRettangolare: 50X28,1
472ef454-f48e-41a4-a762-987c2e557237-000b3c01,736257,Telaio strutturale,INC_TelST_TS.CA_FondazioneRettangolare: 50X28,1
472ef454-f48e-41a4-a762-987c2e557237-000b3cc7,736455,Telaio strutturale,INC_TelST_TS.CA_FondazioneRettangolareMagrone: 50x78,1
472ef454-f48e-41a4-a762-987c2e557237-000b3d56,736598,Telaio strutturale,INC_TelST_TS.CA_FondazioneRettangolareMagrone: 50x50,1
472ef454-f48e-41a4-a762-987c2e557237-000b3dfa,736762,Telaio strutturale,INC_TelST_TS.CA_FondazioneRettangolareMagrone: 50x50,1
472ef454-f48e-41a4-a762-987c2e557237-000b3e51,736849,Telaio strutturale,INC_TelST_TS.CA_FondazioneRettangolareMagrone: 50x50,1
472ef454-f48e-41a4-a762-987c2e557237-000b3e84,736900,Telaio strutturale,INC_TelST_TS.CA_FondazioneRettangolareMagrone: 50x50,1
472ef454-f48e-41a4-a762-987c2e557237-000b3ed2,736978,Telaio strutturale,INC_TelST_TS.CA_FondazioneRettangolareMagrone: 50x50,1
472ef454-f48e-41a4-a762-987c2e557237-000b3f4b,737099,Telaio strutturale,INC_TelST_TS.CA_FondazioneRettangolareMagrone: 50x50,1
472ef454-f48e-41a4-a762-987c2e557237-000b3f99,737177,Telaio strutturale,INC_TelST_TS.CA_FondazioneRettangolareMagrone: 50x50,1
472ef454-f48e-41a4-a762-987c2e557237-000b3fd8,737240,Telaio strutturale,INC_TelST_TS.CA_FondazioneRettangolareMagrone: 50x50,1
472ef454-f48e-41a4-a762-987c2e557237-000b40bb,737467,Telaio strutturale,INC_TelST_TS.CA_FondazioneRettangolareMagrone: 50x50,1
472ef454-f48e-41a4-a762-987c2e557237-000b4127,737575,Telaio strutturale,INC_TelST_TS.CA_FondazioneRettangolareMagrone: 50x50,1
472ef454-f48e-41a4-a762-987c2e557237-000b415a,737626,Telaio strutturale,INC_TelST_TS.CA_FondazioneRettangolareMagrone: 50x50,1
472ef454-f48e-41a4-a762-987c2e557237-000b4188,737672,Telaio strutturale,INC_TelST_TS.CA_FondazioneRettangolareMagrone: 50x50,1
5c5d0456-bb4c-45bc-8952-d625cef6a62c-000b4239,737849,Telaio strutturale,INC_TelST_TS.CA_FondazioneRettangolareMagrone: 50x50,1
220aa9b2-3e56-4654-a782-99666fa38795-000b42a5,737957,Telaio strutturale,INC_TelST_TS.CA_FondazioneRettangolareMagrone: 50x78,1
220aa9b2-3e56-4654-a782-99666fa38795-000b43ee,738286,Telaio strutturale,INC_TelST_TS.CA_FondazioneRettangolare: 50X28,1
220aa9b2-3e56-4654-a782-99666fa38795-000b4530,738608,Telaio strutturale,INC_TelST_TS.CA_FondazioneRettangolare: 50X28,1
220aa9b2-3e56-4654-a782-99666fa38795-000b46bd,739005,Telaio strutturale,INC_TelST_TS.CA_FondazioneRettangolare: 50X28,1
31dc331f-f08c-4eeb-b196-26320d6eeb2b-000b4c21,740385,Telaio strutturale,INC_TelST_TS.CA_FondazioneRettangolareMagrone: 50x50,1